"","PA1","PA2","PA4","PA7","PA3","PA6","PA5"
"tBodyAcc.mean...X",0.00922013545789894,0.0266035953391583,-0.0100883826514522,0.0167163737414203,-0.108261723038731,-0.0144565691488818,-0.171820466703244
"tBodyAcc.mean...Y",-0.0136559273759782,0.0073790460897505,0.00573719293295939,-0.0289609147590001,0.181468882227975,0.00276745268149174,0.135481364599822
"tBodyAcc.mean...Z",-0.00769957407157723,-0.00783076043439958,-0.00148848683183001,-0.00760706198710207,0.194810633518634,0.0129199593683445,0.130499303044258
"tBodyAcc.std...X",0.946453975104311,0.193940068417575,0.00164850428413192,0.110072451401085,0.0223897962431847,0.0707645104357876,0.0167305954813307
"tBodyAcc.std...Y",0.840684506033805,0.289373324504218,0.0157225230079021,0.2022384037562,0.271734590160343,0.203107147485308,0.086858260014955
"tBodyAcc.std...Z",0.708241561128001,0.335503246230459,0.246341058462924,0.182898524327152,0.254268703089141,0.407039282540927,0.0833539834236827
"tBodyAcc.mad...X",0.945117275260862,0.186811888073666,-0.00411204088182131,0.106831193081778,0.0328220563393192,0.0612544134460756,0.00923019650701492
"tBodyAcc.mad...Y",0.815851024526811,0.302571421505667,0.00329978205697137,0.192003395917186,0.306434951336439,0.209269687040744,0.0854059873980133
"tBodyAcc.mad...Z",0.683461787539502,0.352019355075455,0.222137964750067,0.184486410185708,0.288863379671041,0.409370777915326,0.0816755384393387
"tBodyAcc.max...X",0.920781768674816,0.186922422087629,0.0267996316953453,0.133834926577896,-0.0604261973850236,0.0918639923515609,0.0264484020580343
"tBodyAcc.max...Y",0.782800417806404,0.266399707298274,0.0261051310322485,0.181021549397596,0.265477066393711,0.176557475871506,0.126159083978988
"tBodyAcc.max...Z",0.721835419564319,0.271819326560996,0.18999278336558,0.149524297681684,0.215636278801689,0.330031841650461,0.111525877279346
"tBodyAcc.min...X",-0.895526958822907,-0.187073567458393,-0.0477275664369534,-0.150661532615152,-0.0983203944615976,-0.106963044035849,-0.0693855709863168
"tBodyAcc.min...Y",-0.873400467160928,-0.181882448197622,-0.051514615398414,-0.210247605119695,-0.0751943439182425,-0.154369651243058,-0.0556675618992824
"tBodyAcc.min...Z",-0.744253009700483,-0.20594486389681,-0.341667021458248,-0.180162733233427,-0.0718328874611992,-0.301447793654334,-0.0495532287153437
"tBodyAcc.sma..",0.841254124785342,0.30168232376138,0.0495449824833362,0.158013128289715,0.330894786750973,0.198584840170085,0.0274281375676854
"tBodyAcc.energy...X",0.877676974301773,0.131965980138648,0.00293124207306679,-0.0604914831221561,0.191052269598117,-0.0532198076187948,-0.0530833464408207
"tBodyAcc.energy...Y",0.532673561035899,0.235038472869246,-0.0100899812883763,0.0611604637056701,0.650805382396035,0.163792296866061,0.0318470756413111
"tBodyAcc.energy...Z",0.370955897026199,0.254800379813977,0.241223003237193,0.0296308013176326,0.568134237409906,0.390924129073512,0.021879416678255
"tBodyAcc.iqr...X",0.929061690039629,0.168142835577945,-0.0120129954090929,0.101841464268106,0.0636332841547371,0.0467380833864439,-0.00422755858622414
"tBodyAcc.iqr...Y",0.749120642720682,0.315455449470114,-0.0137575782539588,0.160167222062525,0.367152886147986,0.219513533852113,0.0844067372194324
"tBodyAcc.iqr...Z",0.620313956316935,0.371076557703235,0.161157215157078,0.18314363382519,0.354176263878273,0.392476727068429,0.0733845237346171
"tBodyAcc.entropy...X",0.65768306029119,0.377757087175758,0.0210988119957092,0.320889220316236,0.0100947266408551,0.156139858602397,-0.147254029085928
"tBodyAcc.entropy...Y",0.698204738042315,0.379316499725044,0.0393250874359236,0.296295436907772,0.090216773593919,0.0752391154363822,0.160123898493305
"tBodyAcc.entropy...Z",0.631680850280928,0.321120219720427,0.124343669201331,0.29347032721743,0.122220848264187,0.112616682343081,0.140842110647088
"tBodyAcc.arCoeff...X.1",-0.561140275849601,-0.497829426622725,0.00512508923005293,-0.397992381545079,0.0121934180786782,-0.141743086825312,0.189652050407733
"tBodyAcc.arCoeff...X.2",0.437209296710005,0.33775884498146,0.00120288574425247,0.45203932150548,-0.00191834982561647,0.0999894210610455,-0.0444833785408435
"tBodyAcc.arCoeff...X.3",-0.305432589831881,-0.212716714376796,0.0812713279408229,-0.210598890478913,-0.0280368331363026,-0.0576393030361638,0.14044496933832
"tBodyAcc.arCoeff...X.4",0.308458679105107,0.027110651506149,-0.154373552997026,-0.0306761727230463,-0.114459237865352,0.0649232184610306,0.0172736572629099
"tBodyAcc.arCoeff...Y.1",-0.36687129408624,-0.660839084137648,-0.0120494538175534,-0.325830479177377,-0.0462285630448674,0.00567374524207848,-0.149868713187293
"tBodyAcc.arCoeff...Y.2",0.4088728384345,0.383578287823483,-0.0130372806952094,0.388648464589342,0.0374174620660668,0.0135440291585826,0.102398251844839
"tBodyAcc.arCoeff...Y.3",-0.121115634638645,-0.219260497805248,0.0210617733499043,-0.0741765597205437,-0.0883013479745246,0.00458559471862091,-0.021927777201301
"tBodyAcc.arCoeff...Y.4",0.0246198065910425,0.0424489824897755,-0.0367049135358307,-0.140667215316299,-0.04367757882101,-0.00934773518591632,-0.0266481526852397
"tBodyAcc.arCoeff...Z.1",-0.302696524033036,-0.623627954439509,0.0132702749670869,-0.385027000231024,-0.0289750901176905,-0.188512934882334,-0.129055235013748
"tBodyAcc.arCoeff...Z.2",0.39143032922837,0.31666979539006,0.0216577953005154,0.423448929654815,-0.00154258414147007,0.119212299175067,0.0712969660208507
"tBodyAcc.arCoeff...Z.3",-0.180548664687998,-0.241266478512902,0.0171654663467997,-0.124359555478055,-0.0907016109331658,-0.0985477179436131,-0.0179013150345907
"tBodyAcc.arCoeff...Z.4",0.106722787079905,0.177626899398411,-0.0155786426476524,-0.0956492109269032,0.0544274647145275,0.151866951754934,-0.0201598552513656
"tBodyAcc.correlation...X.Y",-0.376256674489137,-0.0598686195019371,0.0234410496361468,0.0061053616809721,-0.0980473277791803,-0.0263096022377157,-0.101750410361515
"tBodyAcc.correlation...X.Z",-0.0199359027590197,-0.124487629037036,-0.207052499304583,-0.00863091736353464,-0.0582301904544079,-0.02493464418424,0.23563589410851
"tBodyAcc.correlation...Y.Z",0.119718119215833,0.0243890918941271,0.0856697072333207,0.0593835839853771,0.116777420537727,-0.135397112425317,0.451249839709045
"tGravityAcc.mean...X",0.292629524194958,0.173308476665788,0.0218443882413187,0.0469649362603924,-0.0671367851021828,-0.0540345380071409,0.858379196050265
"tGravityAcc.mean...Y",-0.398690873591005,-0.245554211395205,-0.0281576296938617,-0.0384531947670283,0.179781992633354,-0.0314110428039485,-0.726788738867435
"tGravityAcc.mean...Z",-0.319492640321036,-0.134132325206511,-0.126626754442261,-0.0884229344649961,0.0752564591499743,-0.178164127767693,-0.695566374690669
"tGravityAcc.std...X",0.0622130428293376,0.260801855087029,-0.0194701223591461,0.0384737404951544,0.758555032867035,0.0389633495257905,-0.233892051814338
"tGravityAcc.std...Y",0.0521844220717242,0.325973895265893,-0.0255184019108486,0.0392970126663311,0.798424938867324,0.0178794800570199,-0.030667505837539
"tGravityAcc.std...Z",0.0586741011745233,0.341375230210638,0.02698212675418,0.0322883886876556,0.758856758655325,0.0608879299892393,-0.058309243050828
"tGravityAcc.mad...X",0.0615135074758036,0.255686993376266,-0.0182210515444089,0.0395405302627511,0.755319807555424,0.0384147735672782,-0.229758795975562
"tGravityAcc.mad...Y",0.0518592672924329,0.319259494933565,-0.0250366058191007,0.0400056360585791,0.792610364597565,0.0168660349411403,-0.0271921407385495
"tGravityAcc.mad...Z",0.0575811873273075,0.334197928024523,0.0273125965468821,0.0329160318764167,0.753529566543749,0.0588082479020269,-0.0550642517764699
"tGravityAcc.max...X",0.309584449341019,0.218304962544657,0.0181136047350179,0.055924257003722,0.0412967422404064,-0.0512410707418015,0.825900123008954
"tGravityAcc.max...Y",-0.384343343800219,-0.193130036446546,-0.0311111554808273,-0.035472643742236,0.291193736377118,-0.0255477545313713,-0.716121964110653
"tGravityAcc.max...Z",-0.308410942278945,-0.0844433775459217,-0.121962395877816,-0.0852922860135513,0.181904728392761,-0.165032756901897,-0.691667170380859
"tGravityAcc.min...X",0.277006288387313,0.133141998723869,0.0233468650342652,0.0420216547476465,-0.175375566923937,-0.0598083285540356,0.859394494347176
"tGravityAcc.min...Y",-0.407446726868346,-0.299343416822845,-0.0239124875906509,-0.0479168318785511,0.0522023250751031,-0.0315633488248025,-0.71598492321101
"tGravityAcc.min...Z",-0.32788094641954,-0.187781673001627,-0.130192800237128,-0.0945252168061883,-0.0369592479110683,-0.184735582683649,-0.67588554884191
"tGravityAcc.sma..",-0.126113673309595,-0.0110975782670928,0.0289145403430951,-0.0447942414635181,0.0448538236906058,0.265925620402637,-0.408504815780461
"tGravityAcc.energy...X",0.288997474181258,0.162561938591005,0.0137393174585018,0.0614350517601556,-0.0950654700028847,-0.0920678421178659,0.867438754287243
"tGravityAcc.energy...Y",-0.237498649080511,-0.201799159371895,-0.0677062494918581,0.00767341186857674,0.10382076290772,0.0721678851989329,-0.679243811440034
"tGravityAcc.energy...Z",-0.262400444111421,-0.068544470712926,0.0348689313429669,-0.100009280209839,0.00561944523543843,0.0684273733712559,-0.716375124631472
"tGravityAcc.iqr...X",0.059784555910072,0.236754784779929,-0.0128183920200605,0.0433560864975307,0.733842805499874,0.0333589703081371,-0.213098104146509
"tGravityAcc.iqr...Y",0.0510147915649979,0.296881625263648,-0.0226313606832077,0.0416476649086044,0.761757669183588,0.0127786584098002,-0.0168498920650063
"tGravityAcc.iqr...Z",0.0534544617161826,0.310709336709716,0.0284683507736238,0.0344105430320397,0.726696694617197,0.0538317028118289,-0.0428967463452758
"tGravityAcc.entropy...X",0.289916476479248,0.419011487461645,0.0765482552983993,-0.0349979171685919,0.461778712316403,0.162175389958931,-0.256404525486419
"tGravityAcc.entropy...Y",-0.218738268671029,0.287436974053273,0.0206165644759594,-0.00192052579091448,0.598831466257488,-0.114413198533408,-0.355471843756769
"tGravityAcc.entropy...Z",-0.0359581677459823,0.36311094912008,-0.121919173581312,-0.00372520219206312,0.39831803176262,-0.177735900599368,-0.242803460020539
"tGravityAcc.arCoeff...X.1",-0.128716604957244,-0.551876995359989,0.0704864569110882,0.190495244663768,-0.187197829417691,-0.0659215179342092,0.50342746458658
"tGravityAcc.arCoeff...X.2",0.226892218178701,0.562916464725403,-0.0630250823541769,-0.155885405237198,0.158586232423505,0.0727951199124608,-0.477778910185238
"tGravityAcc.arCoeff...X.3",-0.322788679196882,-0.563073550953673,0.0543795455025307,0.119188290888787,-0.125664559667244,-0.078343561548756,0.441067158658877
"tGravityAcc.arCoeff...X.4",0.409993471480989,0.551795859088389,-0.045062844342193,-0.0827429830630765,0.0904006534933535,0.082138516255839,-0.395109260250725
"tGravityAcc.arCoeff...Y.1",0.278623526014323,-0.70572900779692,-0.0250722837750768,0.322779223768069,-0.223609320878458,0.068341683553679,-0.0507222309753817
"tGravityAcc.arCoeff...Y.2",-0.209099336425739,0.729799209095277,0.025225172585072,-0.29571701870946,0.210798957302795,-0.0819334710618351,0.0625249638116971
"tGravityAcc.arCoeff...Y.3",0.127458134920179,-0.743495498952633,-0.0245176992844943,0.260559449650558,-0.192685272718167,0.0961302290793271,-0.0743565140305532
"tGravityAcc.arCoeff...Y.4",-0.0362886428479368,0.741930176681103,0.0228211666613841,-0.217407731859549,0.168916590732451,-0.109849246358675,0.0852802942935411
"tGravityAcc.arCoeff...Z.1",0.228098976773334,-0.714857451331049,0.103694034071454,0.18444086084029,-0.22382877223972,-0.0785336707514163,-0.083434445523579
"tGravityAcc.arCoeff...Z.2",-0.182159971587858,0.721294339950001,-0.0824523591213379,-0.162882578409468,0.218288059963484,0.0866720504577336,0.0900875786636085
"tGravityAcc.arCoeff...Z.3",0.132136352922669,-0.720870453618335,0.059098658293725,0.139126906399976,-0.210453010335364,-0.094348231981994,-0.0960726759563862
"tGravityAcc.arCoeff...Z.4",-0.0792004876701804,0.712462282252741,-0.0341732138717734,-0.113714743033627,0.200231650932635,0.101164632377221,0.101075340231145
"tGravityAcc.correlation...X.Y",0.0996882361579086,0.073559006910258,0.00558359762790585,0.0026059819458514,-0.261140501522096,0.0664422958817322,0.0137387254955975
"tGravityAcc.correlation...X.Z",0.104258493625868,-0.0185528394860747,0.0396975691376095,0.0330580194382438,-0.0727351375334769,0.0585624378279946,0.269984282638477
"tGravityAcc.correlation...Y.Z",0.0187256626599648,0.0152764980745674,0.00501376121204874,-0.0549319328984063,0.164532065255677,-0.154429039322368,0.372808742845502
"tBodyAccJerk.mean...X",0.0107602296249709,0.00406485809167681,0.0115108857694627,0.0181359771406262,-0.042791004062301,-0.0282808228840623,-0.0497515738152268
"tBodyAccJerk.mean...Y",-0.00674950667858632,-0.0247527265879492,0.0142837842436794,-0.0370253764237655,-0.0908589747110891,0.049501045887921,0.0844239292231707
"tBodyAccJerk.mean...Z",-0.014535260404244,0.0116728887667377,-0.00607069495079876,-0.0342207470947841,0.00839167023345023,0.0583491403558197,0.0617254738419494
"tBodyAccJerk.std...X",0.957373449245258,0.0795416482207764,0.102727315605839,0.148799652803071,-0.0859440346323349,0.04558254872687,0.0877128780807221
"tBodyAccJerk.std...Y",0.933724931660075,0.0633196068777575,0.0636874190131315,0.266191510565892,-0.0195531420333279,0.0811649615656798,0.106837590139075
"tBodyAccJerk.std...Z",0.850011667869949,0.028529286236778,0.389948639358883,0.226768381545151,-0.0146941792833445,0.143886381132779,0.0816580436028103
"tBodyAccJerk.mad...X",0.95793772601865,0.0754062803301598,0.0979680421827884,0.145776802254323,-0.0898176531815142,0.0510487890828732,0.0865735482702724
"tBodyAccJerk.mad...Y",0.934228199666032,0.0684328685025649,0.0595266550669727,0.254098395454038,-0.0255703691176338,0.0950283498622908,0.108597664159235
"tBodyAccJerk.mad...Z",0.853080918288584,0.0303167559976424,0.385813383730527,0.221263963668265,-0.0178362504924775,0.159636455595623,0.0842152452192625
"tBodyAccJerk.max...X",0.923460490701059,0.0819063151163477,0.12880869031887,0.106177880272934,-0.0585239423424194,-0.0103782063275165,0.0708671263193834
"tBodyAccJerk.max...Y",0.90648285616215,0.0534778790025651,0.0732971332516743,0.226799281072022,0.00118057923376024,0.0551751443062637,0.0948668348817712
"tBodyAccJerk.max...Z",0.82253195478538,0.0321269852883013,0.39360130289253,0.171426602314359,-0.00206938353805805,0.0828302525393119,0.0654130757270907
"tBodyAccJerk.min...X",-0.899921052662571,-0.0933798061386981,-0.0994378458294487,-0.199507708965219,0.0807009912033626,-0.0939243415772005,-0.107511092538687
"tBodyAccJerk.min...Y",-0.890105777919725,-0.0579596074175786,-0.0634285764597798,-0.284017229145708,0.00724949238225289,-0.0720058498801799,-0.106280922126924
"tBodyAccJerk.min...Z",-0.818145846415737,-0.0303258907825276,-0.347080653322549,-0.252458585933252,0.00808014055717137,-0.141710403881113,-0.0852531176037172
"tBodyAccJerk.sma..",0.945895824466918,0.0632160997434468,0.164447880571186,0.203994221310163,-0.0519738459553279,0.0953292321107421,0.0949855204266654
"tBodyAccJerk.energy...X",0.933717058983012,-0.0320973799689015,0.199705654203093,-0.0298818073940518,-0.0966744203174398,-0.111940907385719,0.0552127375499284
"tBodyAccJerk.energy...Y",0.913649640148218,-0.0804732797215476,0.119886905218262,0.165332748014639,-0.0324855604678969,-0.0343216050694167,0.0924068855146809
"tBodyAccJerk.energy...Z",0.71090133011774,-0.0900272884948378,0.642407674202958,0.0796250973821578,-0.0195625794369623,0.0369572809512879,0.0451076982524087
"tBodyAccJerk.iqr...X",0.944289292540956,0.0720285426943622,0.0877559836056836,0.141857272217187,-0.091566579338531,0.0633311384137231,0.0840441232877098
"tBodyAccJerk.iqr...Y",0.920688596395815,0.0782977005465874,0.0522856014748411,0.223251515287614,-0.0314243133830472,0.12263717503523,0.111247000216026
"tBodyAccJerk.iqr...Z",0.848446120353454,0.0394630191933752,0.365237102967247,0.201386015004033,-0.0205443190700439,0.18532328541229,0.0872590583322357
"tBodyAccJerk.entropy...X",0.825437200816824,0.289767535999721,0.00629391828087248,0.372032667955083,0.00102642241896373,0.198496714315951,0.0753129499186932
"tBodyAccJerk.entropy...Y",0.821178546273631,0.31152931290991,0.0104655124424751,0.367256105316513,0.0259424315801441,0.1806303682592,0.118408197971506
"tBodyAccJerk.entropy...Z",0.823480731557892,0.2560109486322,0.0826556307693939,0.367670769219408,0.0269470781635103,0.219082435992446,0.107702853295651
"tBodyAccJerk.arCoeff...X.1",-0.599633131218226,-0.431097004311329,0.0260698133093962,-0.39149787936468,0.0872234586773012,-0.149572648810115,0.0832596234973904
"tBodyAccJerk.arCoeff...X.2",-0.0429753098622809,-0.0114406153132789,0.0112746223585078,0.274375342629551,0.0321382821864823,-0.0105876647619958,0.0918264459794331
"tBodyAccJerk.arCoeff...X.3",-0.374581312495393,-0.283148247588752,0.116104799370299,-0.100673650319581,0.0760862898119372,-0.128011271775954,0.126110433259643
"tBodyAccJerk.arCoeff...X.4",-0.322297585940479,-0.250991892427995,0.000616550473644248,-0.156856085383796,-0.115101984129071,-0.00608333312316072,0.258121625589109
"tBodyAccJerk.arCoeff...Y.1",-0.441699770803175,-0.558808142958079,0.00628524882068054,-0.339013267550739,0.0375655730980704,0.00308429247194547,-0.14111656640136
"tBodyAccJerk.arCoeff...Y.2",0.218851696947593,-0.0574043870787918,-0.0327644534985136,0.255284604711613,0.022718681763898,0.024432020605928,0.0189332540265722
"tBodyAccJerk.arCoeff...Y.3",-0.0846274056648648,-0.368979471760191,0.0182737042518483,0.0442277574785,0.0329804273302248,-0.00173636718333756,-0.064189811070116
"tBodyAccJerk.arCoeff...Y.4",-0.0663555500278037,-0.33499764012582,-0.028627590809482,-0.0724385693018665,-0.196984270962147,0.0364167786405633,-0.00458277663446898
"tBodyAccJerk.arCoeff...Z.1",-0.373585398043632,-0.530014052534931,-0.00254620491256473,-0.382718086815059,0.0277249126101941,-0.207146349327887,-0.110878916515257
"tBodyAccJerk.arCoeff...Z.2",0.22719833944857,-0.198152413672939,0.0522457622447553,0.257524690793979,-0.049201045810361,-0.0528702538644492,-0.0263362840435773
"tBodyAccJerk.arCoeff...Z.3",-0.110893502156381,-0.419185752614344,0.0142697685819669,-0.0570601041254832,-0.0249715457693,-0.172274884854709,-0.0443502980325125
"tBodyAccJerk.arCoeff...Z.4",-0.113221435688519,-0.375245075324851,0.0531535670989981,-0.0600121197927845,-0.179328147548398,-0.0811447062515683,-0.0589060287086545
"tBodyAccJerk.correlation...X.Y",-0.273720278378083,-0.0884782085396759,-0.0674331348406986,0.0382008385486894,0.0269077482107805,-0.0608257648733686,-0.0322506889470769
"tBodyAccJerk.correlation...X.Z",-0.166266234083436,-0.143253018563931,-0.308205144431407,-0.23283314211481,-0.0172763219315311,0.0411365591969008,-0.0728423672034746
"tBodyAccJerk.correlation...Y.Z",0.240691824880887,0.0670595217190763,0.102498374699194,0.134611917586948,0.0140719558678363,0.00228568123536826,0.188166613662739
"tBodyGyro.mean...X",-0.0309651388199892,0.0301342965039493,-0.0454897051885436,-0.0062456984208049,-0.0618905038171534,0.126601664745873,-0.0608814785706822
"tBodyGyro.mean...Y",0.0110140548280907,-0.00195790659975751,0.0314663393125435,0.00724269610732102,0.101316568625694,-0.0376647729009007,0.121303724993922
"tBodyGyro.mean...Z",-0.0263148913679457,-0.00361738304240652,0.0185623989000685,0.0669955917962865,-0.00839424649573412,-0.124411143365083,-0.26025138174253
"tBodyGyro.std...X",0.865021890816547,0.281696524446818,0.0287633427585425,0.11978436646309,0.0734112739265081,0.115145030275834,0.0761699983709165
"tBodyGyro.std...Y",0.766475026923026,0.233870550534892,0.329701897744782,0.158711666658735,0.0491537058475559,0.390072291246424,0.0870172121114762
"tBodyGyro.std...Z",0.788967371475673,0.26272988028474,0.105731693672476,0.161208523085501,0.195064312626171,0.375443236977277,0.091114818237889
"tBodyGyro.mad...X",0.865053992542759,0.273623084917156,0.0256945450951902,0.122457677204706,0.0666473688749294,0.116003575476957,0.0762095127446702
"tBodyGyro.mad...Y",0.769278801612092,0.244066740260131,0.295923877796886,0.140047406157445,0.0503871985055893,0.400313153584603,0.0854705367713435
"tBodyGyro.mad...Z",0.778012677550626,0.262677450701254,0.102363607640523,0.146008761263581,0.207884099949437,0.390060860875906,0.0878536221332446
"tBodyGyro.max...X",0.784835578317937,0.273896827151366,0.0320313787845207,0.128344079174547,0.0495950507447494,0.162132263030491,0.0543178696652972
"tBodyGyro.max...Y",0.728739093316599,0.160465056638586,0.442998605563482,0.192017065096924,0.0425612636952042,0.319301805896737,0.0956682195096785
"tBodyGyro.max...Z",0.808556543324871,0.212419121748203,0.134603718613386,0.213636569047502,0.146498519856851,0.202982532319548,0.031943204386551
"tBodyGyro.min...X",-0.825865439903336,-0.203265011854387,-0.067028746244316,-0.129528034700053,-0.0739788390861439,-0.00546284773723632,-0.088268647786158
"tBodyGyro.min...Y",-0.762814838812469,-0.166996372847397,-0.39870188721807,-0.189687572310198,-0.0399089215363709,-0.273353803222796,-0.0624120926701747
"tBodyGyro.min...Z",-0.795662620326459,-0.212888862966484,-0.101766154592102,-0.148625920293729,-0.123032449443009,-0.315188917926999,-0.143156574090088
"tBodyGyro.sma..",0.846956744226756,0.318380598149071,0.143217686221367,0.130738066001939,0.141936687887418,0.30076729679125,0.0610917041832165
"tBodyGyro.energy...X",0.801409692967444,0.220028472071158,0.0294750772378171,-0.0880231628470733,0.0960527061293569,0.044906362539591,0.0408879809027867
"tBodyGyro.energy...Y",0.605870545908825,0.13996752809019,0.525918080974531,0.00912698073154907,0.0467300316603299,0.450502613870021,0.0697977520059997
"tBodyGyro.energy...Z",0.580338419837098,0.212158969890888,0.138033572858969,-0.0108200474408459,0.348581691483699,0.471503224763254,0.0391934288339385
"tBodyGyro.iqr...X",0.852213813703304,0.246706075130605,0.0188628517754595,0.133986431997378,0.0530673105880495,0.113497416541369,0.0750275042880109
"tBodyGyro.iqr...Y",0.762375413580575,0.251168032073405,0.237878412106479,0.106044619771009,0.0497033051493603,0.405665385055164,0.0791102662265298
"tBodyGyro.iqr...Z",0.748600799200056,0.249360504011263,0.0984017706767831,0.116403534169434,0.224383374437289,0.40472072342729,0.0802445262966223
"tBodyGyro.entropy...X",0.425003672371059,0.31064509116349,0.0337889821160226,0.235572966317912,-0.0231970215432954,0.1012131049439,-0.00228720012030826
"tBodyGyro.entropy...Y",0.492279086361534,0.326433549880963,-0.0136020435117818,0.277037026035463,0.0531348522322602,-0.0208575743380647,0.0779411182278779
"tBodyGyro.entropy...Z",0.538533215859158,0.381403876202722,0.0577220059429795,0.299052422126712,0.0360090201911653,0.0444996481452033,-0.0310799235263752
"tBodyGyro.arCoeff...X.1",-0.302901068607993,-0.671213974783698,0.0380279364400616,-0.265314387220613,0.0431611249028372,-0.0240422765746116,-0.16743433568801
"tBodyGyro.arCoeff...X.2",0.333160409662171,0.505628063028373,-0.0274449948861673,0.384669705142379,-0.000700310041669866,0.00475971676624071,0.137891119694156
"tBodyGyro.arCoeff...X.3",-0.106288995833787,-0.285211066959336,-0.0599155107901777,-0.219412345033636,-0.153070361156816,0.0791684367526988,-0.011086444939581
"tBodyGyro.arCoeff...X.4",-0.208230551281286,0.0579275020335896,0.139094453337778,-0.0348674113440626,0.183403909978252,-0.127440870848901,-0.00693931796076075
"tBodyGyro.arCoeff...Y.1",-0.106113188223196,-0.675254350540932,0.00336735216341051,-0.182477728149862,0.0499521195994934,-0.155000473413115,-0.0659884645926257
"tBodyGyro.arCoeff...Y.2",0.253749710044711,0.485060740155422,0.0939732369080139,0.353375418059824,-0.0531934360483013,0.123780253357172,0.0228701170143955
"tBodyGyro.arCoeff...Y.3",-0.150500726589975,-0.340545157340067,-0.00384988245948703,-0.193731570051366,0.010220979097133,-0.0779870482385734,0.0587247614114955
"tBodyGyro.arCoeff...Y.4",0.157879959781699,0.215603810357807,0.00964984731329139,0.0648762581030119,-0.0369008639681087,-0.00361731714434652,0.0494113104341375
"tBodyGyro.arCoeff...Z.1",-0.384081435157607,-0.633648897574672,-0.0149048417156756,-0.374251255715969,-0.0357243004561292,-0.20211310814746,-0.161051235996617
"tBodyGyro.arCoeff...Z.2",0.496505887426654,0.471891400718677,0.00541108893787806,0.439183923394303,0.0218944597002074,0.162848246661495,0.134435255736702
"tBodyGyro.arCoeff...Z.3",-0.418780605992627,-0.29442071953362,-0.0365212417114718,-0.329667767802177,-0.0808732013591867,-0.11468524423423,-0.0849669994603987
"tBodyGyro.arCoeff...Z.4",0.297003363741876,0.100745112062256,0.0800053272244075,0.134799259676625,0.0581075358350552,0.0218204268418899,0.0568535490797715
"tBodyGyro.correlation...X.Y",0.00578279703771545,-0.0272204955658012,0.0483904466392815,0.0422681004404962,0.140656280061409,0.0375824324922856,0.215084236691674
"tBodyGyro.correlation...X.Z",-0.128899542232988,-0.0278568670155009,0.0236411461579102,-0.0401734322030668,0.0429299987008855,-0.0680614737791277,-0.188689824194402
"tBodyGyro.correlation...Y.Z",0.305657664883246,0.0539059285915934,-0.0490940961814106,0.14892747325568,-0.0803877367516564,0.282658606608793,-0.0299605331339619
"tBodyGyroJerk.mean...X",0.0352491851391105,-0.0235336943916072,0.0490834466343961,0.012830687865085,-0.0189570478569408,-0.077556111781998,-0.0059237814183048
"tBodyGyroJerk.mean...Y",-0.0149886342025055,0.0136708865753731,0.0123404558564837,-0.0244956868245804,-0.00212457642830593,0.0273706515174954,-0.0136141611537084
"tBodyGyroJerk.mean...Z",0.00624152622014108,-0.00430901198659659,-0.00909256340413086,-0.0017175554606419,0.0368338478089196,0.00817495492647078,0.0402663321700947
"tBodyGyroJerk.std...X",0.904141999159836,0.0724757265732405,0.114486896678588,0.270048346151059,-0.0214748647905279,-0.0164287129834496,0.0924304331524837
"tBodyGyroJerk.std...Y",0.783268607470383,0.00628421652810971,0.513590097150923,0.247249243593481,-0.0177347968880584,0.133638848146954,0.0779742718145397
"tBodyGyroJerk.std...Z",0.920386205706135,0.0572605284563743,0.151177600560323,0.201443306489585,-0.0244023715574925,0.0503807274633283,0.0960225159119984
"tBodyGyroJerk.mad...X",0.907431430401186,0.0701447924182547,0.103989251662001,0.258934345862173,-0.0346835535061217,-0.00517924403619135,0.0949112663344056
"tBodyGyroJerk.mad...Y",0.79905664686866,0.00703820657704641,0.491212028163091,0.229059321611726,-0.0255617242045391,0.145731992638867,0.0809088025995714
"tBodyGyroJerk.mad...Z",0.925688852122992,0.0590108964238468,0.148402103429857,0.194141234216479,-0.0350021137007863,0.0694878633793327,0.0976406087316893
"tBodyGyroJerk.max...X",0.877635710054561,0.0816813544208581,0.124385292471399,0.25827889290915,0.00436932162225173,-0.0266247960459357,0.0834004274317326
"tBodyGyroJerk.max...Y",0.72713379466955,0.008291702154946,0.532555856702254,0.269724581690522,-0.00335417083611114,0.107434356711872,0.0687338909746525
"tBodyGyroJerk.max...Z",0.8919120281112,0.061753420922704,0.118707320114012,0.211954902357884,-0.00222587425477552,0.00635458434508739,0.089058673420039
"tBodyGyroJerk.min...X",-0.862455413870284,-0.0720770711911736,-0.136632418645286,-0.279027118011023,-0.00713733118651387,0.0423385944118982,-0.0802703235542552
"tBodyGyroJerk.min...Y",-0.741160580682514,-0.00209422190784759,-0.518508667918635,-0.252787351157946,0.00646778097373209,-0.096150080712199,-0.0703135106290223
"tBodyGyroJerk.min...Z",-0.870072241466122,-0.0420953050083001,-0.170696405482071,-0.185095110120004,0.00299623388408985,-0.0133859270492464,-0.0878428726549512
"tBodyGyroJerk.sma..",0.897402428699495,0.0396662780428265,0.307437092727162,0.239618567477595,-0.031752284519168,0.0862030142920177,0.0926495767087772
"tBodyGyroJerk.energy...X",0.808867131128066,-0.0659788940841042,0.226358881259841,0.131998151868661,-0.0251489498520736,-0.194192150360272,0.0581813835822218
"tBodyGyroJerk.energy...Y",0.548086731772682,-0.10255959611091,0.764708226370981,0.118158347976738,-0.0218268270302266,0.0219690522590422,0.0341539294965089
"tBodyGyroJerk.energy...Z",0.815412945239173,-0.0741992225665646,0.265352965833349,0.0374698081454589,-0.0205938655780316,-0.111485219781643,0.0552026262869193
"tBodyGyroJerk.iqr...X",0.902638308471394,0.0715922873508072,0.084043795675597,0.231025081551127,-0.0514777205355148,0.0157221105875153,0.0948639327291164
"tBodyGyroJerk.iqr...Y",0.815000107157555,0.00858891787194932,0.443457407077982,0.198449741171873,-0.0342594735436853,0.162064182675947,0.0839472904157379
"tBodyGyroJerk.iqr...Z",0.923190833687368,0.0627570734092913,0.142575410541456,0.173052578628781,-0.0488585080828073,0.0946784612894326,0.0980647168182672
"tBodyGyroJerk.entropy...X",0.776234932334569,0.372706694185715,0.0379282036605195,0.388580488075277,0.0335445149231393,0.128067810779176,0.113506768157596
"tBodyGyroJerk.entropy...Y",0.772135618947818,0.363804236889515,0.0374886534246824,0.393057363905623,0.0460001324458906,0.158317839231436,0.0497712242705928
"tBodyGyroJerk.entropy...Z",0.80455470136069,0.341598969460184,0.036889192951074,0.35214631715589,0.0432326929657247,0.185135760527844,0.145552686733795
"tBodyGyroJerk.arCoeff...X.1",-0.268084844260121,-0.618531424028895,0.00696637103956086,-0.294837913529032,0.0493498070567267,0.00135037549586382,-0.191188430070959
"tBodyGyroJerk.arCoeff...X.2",0.296005973626905,0.151826083759566,-6.81891809974301e-05,0.375917431215209,0.0120535758626336,-0.00642485939013127,0.0353340137397799
"tBodyGyroJerk.arCoeff...X.3",-0.0314132932412637,-0.399129069318064,-0.0960954371345949,-0.0439994216500647,-0.0302147212420886,0.0486241693930086,-0.0669365797627717
"tBodyGyroJerk.arCoeff...X.4",0.0113727381920762,-0.214974620304393,0.0121949508680871,-0.0354596996092982,-0.196730004999001,0.0583847645047118,0.0106917598317483
"tBodyGyroJerk.arCoeff...Y.1",-0.204675768333489,-0.603348255274256,-0.0491165952511746,-0.249900395906063,0.0860831067805497,-0.121980815349217,-0.10948241476924
"tBodyGyroJerk.arCoeff...Y.2",0.254760652602538,0.0855045147260515,0.128643959407039,0.38026017257782,-0.0423744246746798,0.0566584162415155,-0.0550607308596957
"tBodyGyroJerk.arCoeff...Y.3",-0.0605888296384607,-0.40127506556569,0.026416477684366,-0.0535412465150883,0.0590717719430183,-0.0479438187986265,-0.0698680886894307
"tBodyGyroJerk.arCoeff...Y.4",0.00906093696297042,-0.29360308552507,0.0578113116924856,0.0287109005287808,-0.0743694461371184,-0.0516501936155962,0.11399848974787
"tBodyGyroJerk.arCoeff...Z.1",-0.462532040024447,-0.560545992886772,-0.0206275456882332,-0.396530083000737,0.00911387053788556,-0.177253137039784,-0.175814548177022
"tBodyGyroJerk.arCoeff...Z.2",0.489473084740571,0.157970118939414,-0.0121982265171618,0.380054667999801,-0.0170000704770101,0.0936443389704613,0.084768510947322
"tBodyGyroJerk.arCoeff...Z.3",-0.28915688556546,-0.334557570793732,-0.0619245656019951,-0.153564798804388,-0.0215656094085774,-0.10705658332299,-0.135396864591209
"tBodyGyroJerk.arCoeff...Z.4",-0.0959140197074736,-0.300821132875343,-0.0329296599548818,-0.159005858023901,-0.164335535767836,-0.0474147824403644,0.0279476820480653
"tBodyGyroJerk.correlation...X.Y",0.156966397227511,0.0327393505238677,-0.141155201743338,0.0537099843905681,-0.0083350594510013,0.156372779567829,0.176281490004866
"tBodyGyroJerk.correlation...X.Z",-0.0511804632945813,-0.0453124594874014,0.206916055820615,0.0419213461942438,0.00423571509449438,-0.00615382778350403,-0.168845386129364
"tBodyGyroJerk.correlation...Y.Z",0.0158337857184163,-0.022764371199122,-0.199417597137238,0.00828789752335288,-0.0254343275803703,0.208195871929206,-0.0735564157915009
"tBodyAccMag.mean..",0.855359487868243,0.296831280911931,0.0378975848394785,0.153735931280761,0.309851024183082,0.182851542903832,0.0284801497124866
"tBodyAccMag.std..",0.833563478370603,0.316556660347846,0.064508307800818,0.110037728812106,0.314765054946802,0.125122776926536,-0.0036531089729563
"tBodyAccMag.mad..",0.806334878224129,0.325999001288703,0.0505907706720571,0.0992057388366499,0.361907996218984,0.129625482985932,-0.0133155300016545
"tBodyAccMag.max..",0.889759846612312,0.266202414763769,0.0961961566712343,0.157778760681202,0.197169488188471,0.129502244025843,0.033414039616382
"tBodyAccMag.min..",0.630707484513053,0.198686912642182,0.0486325530436161,0.234032913700463,0.267045571968093,0.127447335512025,0.0560082186786579
"tBodyAccMag.sma..",0.855359487868243,0.296831280911932,0.0378975848394786,0.153735931280762,0.309851024183082,0.182851542903832,0.0284801497124866
"tBodyAccMag.energy..",0.782588706746614,0.221773520958184,0.0660857236349876,-0.0080783413957205,0.480722140576135,0.131514195132348,-0.0140499010105633
"tBodyAccMag.iqr..",0.726911817205303,0.329154195293683,0.0291426209522592,0.078815756948677,0.446552535305784,0.146401653914594,-0.0288401135467143
"tBodyAccMag.entropy..",0.758550278552157,0.494847362358996,0.0469490805230183,0.322598514872523,0.0912371687896336,0.116585127057891,0.0439620272233803
"tBodyAccMag.arCoeff..1",-0.294814827205353,-0.81717892020786,0.0433744790461171,-0.0873402821524957,-0.113205656831126,0.00545360771666785,0.0464704591047172
"tBodyAccMag.arCoeff..2",0.300575605865177,0.741064666246126,-0.022880592822687,0.147194871902623,0.15354683911625,0.0118007492029388,-0.0597772966721576
"tBodyAccMag.arCoeff..3",-0.231329861206123,-0.539847351070008,0.00480787593894618,-0.191571722154453,-0.205194871320077,-0.00467608574841852,0.0942187894333844
"tBodyAccMag.arCoeff..4",0.234891826888218,0.570667776615336,-0.0463954470002285,0.104620841792401,0.129970888189817,-0.0388959740547326,-0.0680991676952583
"tGravityAccMag.mean..",0.855359487868243,0.296831280911931,0.0378975848394787,0.153735931280762,0.309851024183082,0.182851542903832,0.0284801497124864
"tGravityAccMag.std..",0.833563478370603,0.316556660347847,0.0645083078008183,0.110037728812106,0.314765054946802,0.125122776926537,-0.00365310897295624
"tGravityAccMag.mad..",0.806334878224129,0.325999001288703,0.0505907706720574,0.0992057388366502,0.361907996218984,0.129625482985932,-0.0133155300016541
"tGravityAccMag.max..",0.889759846612312,0.266202414763769,0.0961961566712343,0.157778760681202,0.197169488188471,0.129502244025843,0.0334140396163818
"tGravityAccMag.min..",0.630707484513053,0.198686912642182,0.0486325530436163,0.234032913700463,0.267045571968093,0.127447335512025,0.0560082186786579
"tGravityAccMag.sma..",0.855359487868243,0.296831280911931,0.0378975848394786,0.153735931280762,0.309851024183082,0.182851542903832,0.0284801497124863
"tGravityAccMag.energy..",0.782588706746615,0.221773520958184,0.0660857236349875,-0.00807834139572049,0.480722140576135,0.131514195132348,-0.0140499010105633
"tGravityAccMag.iqr..",0.726911817205303,0.329154195293683,0.0291426209522594,0.0788157569486771,0.446552535305784,0.146401653914594,-0.0288401135467146
"tGravityAccMag.entropy..",0.758550278552157,0.494847362358996,0.0469490805230183,0.322598514872523,0.0912371687896335,0.116585127057891,0.0439620272233803
"tGravityAccMag.arCoeff..1",-0.294814827205353,-0.81717892020786,0.043374479046117,-0.0873402821524955,-0.113205656831126,0.00545360771666823,0.0464704591047172
"tGravityAccMag.arCoeff..2",0.300575605865177,0.741064666246126,-0.022880592822687,0.147194871902623,0.15354683911625,0.0118007492029387,-0.0597772966721577
"tGravityAccMag.arCoeff..3",-0.231329861206123,-0.539847351070008,0.00480787593894616,-0.191571722154453,-0.205194871320077,-0.0046760857484184,0.0942187894333844
"tGravityAccMag.arCoeff..4",0.234891826888218,0.570667776615336,-0.0463954470002286,0.104620841792401,0.129970888189817,-0.0388959740547328,-0.0680991676952584
"tBodyAccJerkMag.mean..",0.948930527068512,0.0654234678514439,0.152654651964324,0.200055844800686,-0.054751366210974,0.0899341260599839,0.0948746003389235
"tBodyAccJerkMag.std..",0.93986531613361,0.0690628959318003,0.165615166615632,0.211420621468185,-0.0461142158342805,0.049678470325679,0.0908395276116505
"tBodyAccJerkMag.mad..",0.941930337882915,0.0620848163305765,0.164762436403009,0.213218004436793,-0.050714912611729,0.0466068362457988,0.0890086898298901
"tBodyAccJerkMag.max..",0.927643645693633,0.080905241156788,0.164157009271794,0.201851551846207,-0.0376296942176188,0.0648289380883735,0.0949226434120175
"tBodyAccJerkMag.min..",0.821462425670184,0.0614902176885363,0.122929699273801,0.154184749287808,-0.0622476376794763,0.142908975579154,0.0941704361524608
"tBodyAccJerkMag.sma..",0.948930527068512,0.0654234678514439,0.152654651964324,0.200055844800685,-0.0547513662109741,0.0899341260599838,0.0948746003389233
"tBodyAccJerkMag.energy..",0.931533646416466,-0.0625113546094848,0.301491198797444,0.0506926802413587,-0.0654163720112581,-0.0600664018145302,0.066634810925973
"tBodyAccJerkMag.iqr..",0.936631656500454,0.0508139123826176,0.159872766894015,0.213997661330336,-0.0559090106003407,0.0460772608653289,0.0865598868343894
"tBodyAccJerkMag.entropy..",0.84714883776279,0.293055841095436,0.0382835891704863,0.359037204824225,0.0250125776240374,0.170190302817134,0.0983966014959002
"tBodyAccJerkMag.arCoeff..1",-0.461915465799752,-0.441773245344828,0.0501698992191948,-0.244108254066654,0.0864158802219483,-0.0351567160768548,-0.0553691911928404
"tBodyAccJerkMag.arCoeff..2",0.396814680372939,0.494083888615267,-0.0248685848793511,0.196317487508252,-0.0927044362938939,0.0869591983854871,0.0524163278019722
"tBodyAccJerkMag.arCoeff..3",-0.0532005444373514,-0.0252621161205066,-0.00363618309181167,-0.151243050143969,-0.0245398360682789,-0.0416964894854874,0.033961541236481
"tBodyAccJerkMag.arCoeff..4",0.154301306031523,-0.0765496028163232,-0.0309290429680917,0.204981843484368,0.0296759375455565,-0.0433589578398334,-0.0275975731943376
"tBodyGyroMag.mean..",0.850013356108648,0.319725230866999,0.145396223666589,0.128292574620428,0.134148165674228,0.292681647894803,0.0607747659440473
"tBodyGyroMag.std..",0.799660192686748,0.32570287028185,0.229133446007644,0.13854522973724,0.0956035856723203,0.27652736466093,0.0663587895521127
"tBodyGyroMag.mad..",0.805488577160001,0.331672726799615,0.208275320781321,0.135588757663048,0.0937620249828712,0.2765662896252,0.0651584612963225
"tBodyGyroMag.max..",0.814450933252272,0.284057643168803,0.275011068478135,0.150101002679313,0.0958121502466193,0.262570047344145,0.0681263637520634
"tBodyGyroMag.min..",0.657783911802022,0.301255310343243,0.0847930134331815,0.0917047749462007,0.197081396307406,0.217196936572639,0.0320170350423371
"tBodyGyroMag.sma..",0.850013356108648,0.319725230866999,0.145396223666589,0.128292574620428,0.134148165674228,0.292681647894803,0.060774765944047
"tBodyGyroMag.energy..",0.796953301551384,0.218159325189967,0.288566510297544,-0.0434028980561276,0.145329021140827,0.336876273169465,0.0609158024101797
"tBodyGyroMag.iqr..",0.805309011056806,0.32727940344948,0.173870507004802,0.124289470034176,0.0921756211756946,0.272486799832485,0.0582057767847973
"tBodyGyroMag.entropy..",0.331574250188093,0.579794999889737,-0.0843146684955857,0.483529267769226,-0.064201219935664,-0.155347435977422,0.00137715088737712
"tBodyGyroMag.arCoeff..1",0.177490693099224,-0.758159556239272,0.169551964559609,0.143467264536101,-0.0118997223963884,-0.0548942421924401,-0.0406755494170647
"tBodyGyroMag.arCoeff..2",-0.149805304426369,0.718000460305771,-0.100506712079409,-0.0577307351483862,0.0300129900227942,0.0687335325891229,0.00688692122449648
"tBodyGyroMag.arCoeff..3",0.0815444453490152,-0.530801166141569,-0.0734813482320766,-0.0479931083393796,-0.0912365756107179,-0.0328422382270173,0.049712829212024
"tBodyGyroMag.arCoeff..4",-0.0924592431251449,0.502221361132372,0.0750955793692086,-0.0260450675049607,0.0962201504014981,-0.0265976518933872,-0.00846981174144924
"tBodyGyroJerkMag.mean..",0.886383543523418,0.0376082284445603,0.336189634043827,0.240393312824842,-0.0319026885654635,0.096907532600096,0.0911720209058713
"tBodyGyroJerkMag.std..",0.807773563160318,0.0191087624763002,0.462780817638785,0.288218303247609,0.000331987758889091,0.0656053542182337,0.0781754712834754
"tBodyGyroJerkMag.mad..",0.825271768757605,0.0201908358433207,0.438761054857925,0.285721478585521,-0.0060648690971489,0.0667102268576086,0.0822140401832825
"tBodyGyroJerkMag.max..",0.792228099764733,0.0229039954150123,0.466234877281993,0.270095761078287,0.0039135071573917,0.0731586891492231,0.074401025332627
"tBodyGyroJerkMag.min..",0.815719740577508,0.0507204104282775,0.199189591590878,0.166390562678649,-0.0611045295771494,0.124468829002682,0.0869476201649258
"tBodyGyroJerkMag.sma..",0.886383543523418,0.0376082284445603,0.336189634043827,0.240393312824842,-0.0319026885654636,0.0969075326000962,0.0911720209058712
"tBodyGyroJerkMag.energy..",0.698812292011449,-0.100314371506638,0.648108981877874,0.121352084144627,-0.0244381052676051,-0.0449705698321311,0.0458293409171761
"tBodyGyroJerkMag.iqr..",0.851175988666032,0.0249367819351891,0.373675375671285,0.266310793182267,-0.0172103722503645,0.0698039693201042,0.0889167664047931
"tBodyGyroJerkMag.entropy..",0.772844835545076,0.38762629507188,0.00746037048637616,0.408854618414647,0.0388586537319907,0.162741452686572,0.087465860997812
"tBodyGyroJerkMag.arCoeff..1",-0.074954389224981,-0.588619933590666,0.0836614872247047,-0.123832915403568,0.0863937785169435,-0.00718228549996707,-0.120133466852889
"tBodyGyroJerkMag.arCoeff..2",0.0448306139674226,0.584391978166886,-0.0291204325268204,0.115129656641041,-0.0748967983403509,0.0691016167039769,0.178904652130052
"tBodyGyroJerkMag.arCoeff..3",-0.0815082695893157,0.00106731561882712,-0.184992714883927,-0.247092095985235,0.000818949393949916,0.0549328740626988,0.0125494758470837
"tBodyGyroJerkMag.arCoeff..4",0.116002609137097,-0.102139413880087,0.16215912923398,0.256649719092718,-0.00440597982141289,-0.155656863982227,-0.138967961265583
"fBodyAcc.mean...X",0.956026599842881,0.151537226052881,0.0527569338925518,0.12424311450711,-0.0224259955668575,0.0670393084616643,0.0532029803073779
"fBodyAcc.mean...Y",0.91137132144353,0.199654328710666,0.0384935709592919,0.22444564120015,0.133127343972469,0.14584142673623,0.0940921298942467
"fBodyAcc.mean...Z",0.815188027903521,0.207634003112137,0.314637019314367,0.196970576408999,0.127584099189198,0.289941453262804,0.085532647084052
"fBodyAcc.std...X",0.936851068723612,0.20657093652775,-0.0163383842781646,0.104541045566828,0.0344259611048194,0.0714790310389474,0.00513391738084134
"fBodyAcc.std...Y",0.800697449168205,0.321594628482225,0.00582022416914842,0.190937535861277,0.316533375577232,0.223558193743229,0.0828328589438737
"fBodyAcc.std...Z",0.652175170921847,0.375826185006984,0.212689421302941,0.177534174153937,0.28917198078115,0.445084099993974,0.0817341802543683
"fBodyAcc.mad...X",0.944900209625577,0.172802848739259,0.0358746799115886,0.136050680685934,-0.02370311405189,0.0796384644113394,0.0457828873861003
"fBodyAcc.mad...Y",0.890617883072449,0.239430952508922,0.0285986089487716,0.227192457831047,0.142480635505179,0.173287988415007,0.0960081479340568
"fBodyAcc.mad...Z",0.772566838963998,0.268937266537069,0.277646557644435,0.208956097101075,0.146744362837129,0.363280640530384,0.0906289980271675
"fBodyAcc.max...X",0.90228336827985,0.223344284768909,-0.0540233720572353,0.0842631710363368,0.0672234341460285,0.0659014484974193,-0.0230635815157076
"fBodyAcc.max...Y",0.665864360823919,0.369466466733932,-0.0212723716410388,0.139133012077596,0.455225496978023,0.245513043978832,0.06375079839265
"fBodyAcc.max...Z",0.532844962048252,0.421378604921188,0.148971719735045,0.150803290410758,0.370630214032186,0.46540180763176,0.0690454968539426
"fBodyAcc.min...X",0.64970761153985,0.130426574443833,0.0339919033851818,0.0281616017686053,0.0766940564030319,0.0066880505169977,-0.00344603819088982
"fBodyAcc.min...Y",0.510988949943854,0.174817526235383,0.00112695591851094,0.124289813405189,0.295522876897636,0.019363377759381,0.00951385402569965
"fBodyAcc.min...Z",0.432397028143733,0.211026529078878,0.194632168925014,0.0782794005064732,0.263598880329169,0.136785923603371,0.0269683467349369
"fBodyAcc.sma..",0.93438309863326,0.186100302720793,0.119120650253805,0.178672767247419,0.0652408823082311,0.152912519798134,0.0761737305693757
"fBodyAcc.energy...X",0.926827030488834,0.0912756353556208,0.0176294224221541,-0.0710631421844931,-0.011470044913512,-0.0830905085077576,-0.00391418775354176
"fBodyAcc.energy...Y",0.759991993589534,0.194833059302085,0.0218693122371949,0.0745271161318479,0.408902064262576,0.197014224841488,0.0768854472501594
"fBodyAcc.energy...Z",0.521918500112717,0.24423360905845,0.34924116296492,0.0385487572297869,0.357477594168646,0.497483212650474,0.0700491142650661
"fBodyAcc.iqr...X",0.919976299034778,0.0978043629389233,0.118563028120406,0.169846051011011,-0.0570017693259111,0.0670462006259321,0.0848765511448548
"fBodyAcc.iqr...Y",0.915554912413393,0.0947780239599302,0.0651718063105321,0.242152486138823,0.0040209284822634,0.0786697413488028,0.0998214787880431
"fBodyAcc.iqr...Z",0.844582431298929,0.0633789806412906,0.338477390282559,0.212130788037116,0.0037060435441285,0.143445341092015,0.0792793387956513
"fBodyAcc.entropy...X",0.865799329934097,0.298383541864697,0.0354444089781779,0.3088381388848,0.0194896631846743,0.163139203354748,0.0435724192654243
"fBodyAcc.entropy...Y",0.839385667983258,0.341819176160079,0.0420558145220998,0.332607596205327,0.0515032563209886,0.134060543952082,0.112665114426435
"fBodyAcc.entropy...Z",0.833847923166996,0.313734344662292,0.138208294281213,0.324205522060347,0.0531985882127417,0.163918063628826,0.100435060090281
"fBodyAcc.maxInds.X",-0.0249044834562768,-0.237250486503068,-0.0218183268970738,0.0452748831022825,-0.127837228188323,-0.0346194944211732,0.360917275103895
"fBodyAcc.maxInds.Y",0.286571443401572,-0.30712642950233,-0.0323145928741214,0.216171646316936,-0.146433740236233,0.0161104856137128,-0.0463701543079377
"fBodyAcc.maxInds.Z",0.292557794625453,-0.258263461923501,0.13011129259076,0.108424166109238,-0.095025951848866,-0.0137053639112923,-0.0369825198388703
"fBodyAcc.meanFreq...X",-0.372944541035824,-0.53002645966245,0.0425232251872632,-0.131679783758687,-0.06997729013467,-0.154157706290599,0.412418226515465
"fBodyAcc.meanFreq...Y",-0.028357118709375,-0.739399318422392,-0.0537587729641205,0.0353025087451952,-0.106785289357016,-0.045067457091527,-0.104212602761643
"fBodyAcc.meanFreq...Z",-0.0103760643582425,-0.742960814449343,0.0845556425500182,-0.0526828461190382,-0.126373948861619,-0.217281521890741,-0.114637616126564
"fBodyAcc.skewness...X",0.312481144345002,0.377227210135155,-0.0718021959814543,-0.0168830761486781,0.155045681652353,0.0696092244250777,-0.538119034584276
"fBodyAcc.kurtosis...X",0.238950769593314,0.341361475796215,-0.0761126161411351,-0.0440727437198469,0.172577875361196,0.0501378584766193,-0.53010390711471
"fBodyAcc.skewness...Y",-0.222119138275455,0.448559332459844,0.0279730943651407,-0.236637771673478,0.344951279197209,-0.0201533414417802,-0.104428389078089
"fBodyAcc.kurtosis...Y",-0.241311626834215,0.376640517077742,0.024246850702295,-0.239472952569415,0.369311409904312,-0.0268962788340919,-0.13512808652118
"fBodyAcc.skewness...Z",-0.18184101727457,0.553716708980258,-0.0157177853921116,-0.0883524785677393,0.25929850624284,0.0996256371981961,0.011894800499632
"fBodyAcc.kurtosis...Z",-0.201365198005377,0.49435916959395,-0.0111526654091177,-0.111006577814937,0.282120980660633,0.0763120012332263,-0.0143243272405418
"fBodyAcc.bandsEnergy...1.8",0.892162384926956,0.120225262940259,-0.05272847897665,-0.0820923606878239,0.0155264757493651,-0.0777706861496606,-0.0231040899219099
"fBodyAcc.bandsEnergy...9.16",0.845671074449794,0.0144091847241674,0.213008093969954,-0.0564625651622197,-0.100816890529707,-0.0742162839990025,0.0466330393476954
"fBodyAcc.bandsEnergy...17.24",0.791616100243823,-0.0807340388390295,0.285418121835747,0.129884347027258,-0.0671110646580437,-0.0737449676486453,0.0799275132353238
"fBodyAcc.bandsEnergy...25.32",0.823969825779196,-0.0612627953662427,0.153669094261742,-0.0650287585009761,-0.0259047231259285,-0.12166860392809,0.04953484626792
"fBodyAcc.bandsEnergy...33.40",0.84726145520658,-0.024058251492214,0.109028063985742,-0.126121406455305,-0.047359891878635,-0.0975005469234618,0.0411289416018701
"fBodyAcc.bandsEnergy...41.48",0.823427528091448,-0.0246762181172029,0.127757691067762,-0.142158270093159,-0.0414553683198495,-0.109975032048551,0.0433821320201826
"fBodyAcc.bandsEnergy...49.56",0.737486145005682,-0.00308652762533585,0.124410849720731,-0.136311979828615,-0.0176206165527019,-0.0922111239700253,0.0356504881201608
"fBodyAcc.bandsEnergy...57.64",0.51860028822568,0.0413525973688937,0.032477288482262,-0.098843919042406,0.0213733330551495,-0.0670289395532373,0.00904713393713748
"fBodyAcc.bandsEnergy...1.16",0.913061597778294,0.103821021120439,-0.00338056327104327,-0.080742810337715,-0.00682669496382437,-0.0800988088184443,-0.0105512851042825
"fBodyAcc.bandsEnergy...17.32",0.829456084079129,-0.0795324090167745,0.267012679773363,0.0910501731855138,-0.0605752437228189,-0.0878945156780909,0.0761859975429517
"fBodyAcc.bandsEnergy...33.48",0.867806784553426,-0.025043538435784,0.120066201854235,-0.138519338940435,-0.0469741217202797,-0.1066305232839,0.0434226215727803
"fBodyAcc.bandsEnergy...49.64",0.678354800979206,0.0137950431120524,0.0932170573476653,-0.126399558010576,-0.00315248529764904,-0.0856636208762661,0.0266245666124482
"fBodyAcc.bandsEnergy...1.24",0.923320284190166,0.0944838894643737,0.0141697652829694,-0.0696690604108836,-0.0107897680873019,-0.0815115797133801,-0.00526986305595282
"fBodyAcc.bandsEnergy...25.48",0.874599846078815,-0.0505810002450971,0.147455322803094,-0.0957562135477587,-0.0348224613241326,-0.122118511628001,0.0493285724953946
"fBodyAcc.bandsEnergy...1.8.1",0.532964516666442,0.289981859822295,-0.025228396305861,0.017523659947423,0.544005861250158,0.285992068295972,0.0565560464665352
"fBodyAcc.bandsEnergy...9.16.1",0.836665967524681,-0.0393099594222128,0.0843301584688318,0.105719599483125,-0.0446532825865836,-0.0513308788507419,0.0740368221182999
"fBodyAcc.bandsEnergy...17.24.1",0.788569757560268,-0.127141154326345,0.144734984684884,0.281289328867194,-0.00530609741784833,-0.0722439756998649,0.088802062345014
"fBodyAcc.bandsEnergy...25.32.1",0.778217054737543,-0.0860948646984696,0.0943665446831545,0.0936118426915813,0.0768606620230814,-0.0228617864875575,0.0701098680627291
"fBodyAcc.bandsEnergy...33.40.1",0.77739641313831,-0.0551517572022204,0.0770973737308483,0.018076575691651,0.0904495691722922,0.0271280542926139,0.0668941844381366
"fBodyAcc.bandsEnergy...41.48.1",0.789039040209645,-0.0438417636006489,0.109599033749551,0.0378879989461366,0.108938399128233,0.0311716167128474,0.0660892415577811
"fBodyAcc.bandsEnergy...49.56.1",0.686649837729223,-0.00717613508940182,0.0734515634390072,0.0901581522829195,0.205158223005162,0.0110780604634015,0.0512309229784248
"fBodyAcc.bandsEnergy...57.64.1",0.386871673988837,0.0788831875389126,-0.0106711642848856,0.0570936845066557,0.321369457772815,0.00471482353597,0.00482099565836283
"fBodyAcc.bandsEnergy...1.16.1",0.709876848392436,0.227842824140247,0.00523762115658738,0.0480041888956042,0.439207146509598,0.221497823909298,0.0710425542543543
"fBodyAcc.bandsEnergy...17.32.1",0.81677959766223,-0.124804005215961,0.140556316471682,0.257577772275032,0.0101683091790697,-0.0663187514491491,0.0887996702144139
"fBodyAcc.bandsEnergy...33.48.1",0.816039155668946,-0.0536523974274106,0.0923651178795066,0.0259621322866415,0.101921678349033,0.0297328943266107,0.0696392523891227
"fBodyAcc.bandsEnergy...49.64.1",0.605306022527035,0.0255649594060095,0.0446596535624176,0.0821053897010112,0.260837462198172,0.00895364003177269,0.0359881993873017
"fBodyAcc.bandsEnergy...1.24.1",0.748992637566818,0.201806981585507,0.0192638122492407,0.0736561120510613,0.414248155570339,0.201626845063783,0.0761107881423546
"fBodyAcc.bandsEnergy...25.48.1",0.822093322988557,-0.0783562802172905,0.0968728353751028,0.0731583147196441,0.0892028880484215,-0.00543023766831491,0.0727836950315734
"fBodyAcc.bandsEnergy...1.8.2",0.3660350499387,0.317776202524662,0.184770134502504,0.00421828903867263,0.430901792588065,0.557921867615401,0.0646757922426531
"fBodyAcc.bandsEnergy...9.16.2",0.648835070185657,-0.0214851842800093,0.536114460936489,0.0976356094718655,-0.0257837240723228,0.18365597605881,0.0565914374168428
"fBodyAcc.bandsEnergy...17.24.2",0.602546421508387,-0.121184244741376,0.630521497199414,0.193895344432509,-0.0148590014022614,-0.0132293959316832,0.0384162766121696
"fBodyAcc.bandsEnergy...25.32.2",0.657506256436132,-0.10696322330011,0.572300140197238,-0.0464476959839301,0.0391015129502436,-0.108565020649015,0.0207303444590052
"fBodyAcc.bandsEnergy...33.40.2",0.628883030218373,-0.059200289728715,0.569535050006318,-0.0978758778673815,0.059550752756158,-0.0473530514318902,0.0187061926363777
"fBodyAcc.bandsEnergy...41.48.2",0.662093270274616,-0.048368005353768,0.558538163509204,-0.0559884009992422,0.07523103355662,0.0437568606983879,0.0362756641413986
"fBodyAcc.bandsEnergy...49.56.2",0.59215631145551,0.0047074721162314,0.463785811599966,-0.0112531640565125,0.145002890511171,0.121035019509912,0.0402094154780522
"fBodyAcc.bandsEnergy...57.64.2",0.2866449819856,0.135156032007217,0.211250908787164,0.00094931309537291,0.285926590488312,0.185452936596703,0.0209711006236472
"fBodyAcc.bandsEnergy...1.16.2",0.45840363133323,0.281377874305027,0.273436415771747,0.0229942604524846,0.383029363657792,0.539897046468104,0.0696754331677783
"fBodyAcc.bandsEnergy...17.32.2",0.642481845471615,-0.122834401237483,0.645069016487273,0.141892559812325,-0.00170283174688069,-0.038597902834536,0.0354877825468809
"fBodyAcc.bandsEnergy...33.48.2",0.663812817409983,-0.0575288016834951,0.588639243148759,-0.0881185908478089,0.0672538446995062,-0.0185474498942271,0.0253632364257309
"fBodyAcc.bandsEnergy...49.64.2",0.521152804233501,0.0506217413841118,0.402976975665448,-0.00731300887958066,0.204213659421873,0.1514665295644,0.0361511301129717
"fBodyAcc.bandsEnergy...1.24.2",0.50136533264564,0.255052340471641,0.328385069311981,0.0425922864224068,0.363712680993651,0.513777095156512,0.0706279057898862
"fBodyAcc.bandsEnergy...25.48.2",0.679779978154126,-0.0943837264370297,0.596427804076713,-0.0616988705373501,0.0494222636041643,-0.0839719046066095,0.0227950370879669
"fBodyAccJerk.mean...X",0.959218305371078,0.0792103967011898,0.103902750132352,0.132272516476907,-0.0785312044691542,0.0485263724150126,0.0887020990345228
"fBodyAccJerk.mean...Y",0.939019734652758,0.0707925693953807,0.0669946188334621,0.241279890376908,-0.00980934213306096,0.0927085119667291,0.106676950912293
"fBodyAccJerk.mean...Z",0.860217426720302,0.0369341383366173,0.379663545249186,0.197933786804823,-0.0100776083960195,0.147790814338878,0.0815726004744336
"fBodyAccJerk.std...X",0.949863331033859,0.0792264379271384,0.10063305374057,0.165884360148006,-0.0937292905627907,0.0424846759006083,0.0863080242871573
"fBodyAccJerk.std...Y",0.922331689723373,0.0551389595529787,0.0596256406387041,0.291033661101386,-0.0305332865235854,0.0680259602002198,0.106329034188174
"fBodyAccJerk.std...Z",0.832398730759898,0.0184908641301504,0.39784758767383,0.258592357896155,-0.0203844428193766,0.137914789393131,0.0811940387100765
"fBodyAccJerk.mad...X",0.949186874642409,0.0794163820733407,0.108715494723724,0.167071418350226,-0.0862728763927087,0.051479657241081,0.0901657473935878
"fBodyAccJerk.mad...Y",0.930817559662929,0.0651449803260098,0.0594103951026007,0.272777025836089,-0.0223801359122767,0.0700591148377493,0.105683073580353
"fBodyAccJerk.mad...Z",0.848060609250582,0.0264801731713251,0.384713177972059,0.23242897233757,-0.0175269493662797,0.134951409006926,0.0801932634485333
"fBodyAccJerk.max...X",0.935538217349087,0.0782267400833756,0.071604085166003,0.143726915485588,-0.104111948803829,0.0231829036111426,0.0742755272660687
"fBodyAccJerk.max...Y",0.88985618694485,0.0369734780797454,0.0664069148369362,0.30545696132175,-0.0409235925162125,0.0746133791677199,0.105291598628347
"fBodyAccJerk.max...Z",0.785355597465962,0.00643507317433459,0.422532312604871,0.291436438002856,-0.0234509960760363,0.14214018955718,0.0806948581266704
"fBodyAccJerk.min...X",0.684907892217298,0.060990762948597,0.0664609810260156,0.0298022334041778,-0.0600755798381505,0.0231499069693192,0.0568190017879719
"fBodyAccJerk.min...Y",0.633473795920538,0.0440946918832748,0.0706951844586752,0.151842324104638,-0.00725525814253604,0.0891043969701067,0.0787587976653134
"fBodyAccJerk.min...Z",0.577799563381551,0.0339528376968512,0.250100413686131,0.124884691667311,-0.0224834014380529,0.142683793193521,0.0603409718236331
"fBodyAccJerk.sma..",0.948653056371432,0.0666807588959943,0.171323414203176,0.188222671154039,-0.0398011250224536,0.0913072209181684,0.0945299469887919
"fBodyAccJerk.energy...X",0.933611623225666,-0.0321862006458372,0.199810308625801,-0.0297858542058707,-0.0967662316298411,-0.111924882435267,0.0552388729191139
"fBodyAccJerk.energy...Y",0.91355756887949,-0.0806061841008171,0.11997412293458,0.165326940603866,-0.0328883257294432,-0.034341994873344,0.0924361549387845
"fBodyAccJerk.energy...Z",0.710848156079948,-0.090184641409265,0.642390029147386,0.0796383099993138,-0.019862203016686,0.0367881359464689,0.0450992147934324
"fBodyAccJerk.iqr...X",0.939599925813865,0.0782448326758542,0.111887860917752,0.139003435809402,-0.0719495727633101,0.0539114813076774,0.0883593887272425
"fBodyAccJerk.iqr...Y",0.927828556407057,0.0783770254716508,0.0638321941247914,0.225682039313023,-0.00201097964347943,0.0894636550790694,0.102904335255084
"fBodyAccJerk.iqr...Z",0.854956491497903,0.0387567779654335,0.37411906698658,0.180271223951505,-0.00931037906159399,0.128749731769243,0.0765082801676148
"fBodyAccJerk.entropy...X",0.887944851362502,0.223188903972758,0.0327351658750944,0.296521222011142,-0.0123236628804906,0.174606047088494,0.100854518479288
"fBodyAccJerk.entropy...Y",0.878318247627006,0.233219872215255,0.0192154233949698,0.329829005422115,0.0259822258466886,0.1691090702715,0.105351316959057
"fBodyAccJerk.entropy...Z",0.866630815051901,0.19949007122104,0.143442983729705,0.324138539056679,0.0214115303554744,0.195247658399646,0.0934779705537781
"fBodyAccJerk.maxInds.X",-0.502861116178195,-0.318633147249043,0.119585288747338,-0.0436360047074684,0.132244875690916,-0.132233817273009,0.0842493646515144
"fBodyAccJerk.maxInds.Y",-0.123314588519237,-0.448364183924106,0.0146360267495903,-0.0110706206592407,0.0712664506713274,-0.000713275737934298,-0.0914101769200521
"fBodyAccJerk.maxInds.Z",-0.131559654680842,-0.471712182558345,0.0132624567496423,-0.0690182124307574,0.00910078160724845,-0.206345839296461,-0.0681609134411678
"fBodyAccJerk.meanFreq...X",-0.599826891862086,-0.464081057599324,0.0193080820446259,-0.363660067180621,0.0834712048253557,-0.167129150719381,0.067007503711464
"fBodyAccJerk.meanFreq...Y",-0.408508272749806,-0.623942188854205,-0.000388745474841416,-0.320148623985495,0.0384146727064209,-0.0050995427466862,-0.149318076522964
"fBodyAccJerk.meanFreq...Z",-0.315569489465047,-0.622607851333816,0.0153880038023249,-0.33599169838395,0.00480614728272647,-0.23795164533085,-0.134239605270758
"fBodyAccJerk.skewness...X",0.500405926447652,0.15206762042023,-0.0479060933307057,0.220833144120677,-0.123853697760623,0.0612826609109181,0.0192223857598993
"fBodyAccJerk.kurtosis...X",0.434094008938262,0.125966371104277,-0.0733173106353125,0.126361872247607,-0.111150608849043,0.0317715816308831,-0.0149280289282394
"fBodyAccJerk.skewness...Y",0.39229110113767,0.111363013673845,0.0176909601118138,0.386957054128568,-0.093540101908706,0.0459090870170954,0.0847276081817794
"fBodyAccJerk.kurtosis...Y",0.283098463502079,0.0614320065424603,0.0340493622587096,0.293876261852125,-0.0639403132043613,0.0566770101516323,0.0661884179195862
"fBodyAccJerk.skewness...Z",0.312743511191806,0.0598809937666169,0.128322327940599,0.395337884031178,-0.018523592967487,0.116286400103164,0.037549380947124
"fBodyAccJerk.kurtosis...Z",0.201493608556458,0.0591850789337926,0.160906445015131,0.322646568968621,0.0264966061940607,0.100854018904607,0.0314557970262399
"fBodyAccJerk.bandsEnergy...1.8",0.881367582016482,0.0340211145384884,0.0122227679991105,-0.117995161205554,-0.119249964187787,-0.143689713873979,0.0096965681298447
"fBodyAccJerk.bandsEnergy...9.16",0.852313935669601,-0.00504739629217124,0.246965620596941,-0.0173770801807392,-0.103685084637185,-0.0647171139669889,0.0582197088221361
"fBodyAccJerk.bandsEnergy...17.24",0.786712077800247,-0.0900925973780081,0.290866772064181,0.13067268923616,-0.0675358247004465,-0.0810028611343631,0.0797460636878798
"fBodyAccJerk.bandsEnergy...25.32",0.815227741185446,-0.0719613090560721,0.171827260067047,-0.062737169060392,-0.0317284036731685,-0.117718270402188,0.0508192177010603
"fBodyAccJerk.bandsEnergy...33.40",0.847943106635798,-0.0469654957438338,0.12282457514873,-0.121403996425152,-0.06578119811023,-0.0955512780948667,0.0482740288347324
"fBodyAccJerk.bandsEnergy...41.48",0.840529469756644,-0.0488554972535651,0.157483985953234,-0.142317915958912,-0.0654459216184718,-0.106383582913341,0.053655639482794
"fBodyAccJerk.bandsEnergy...49.56",0.777418105345722,-0.0541207069079802,0.193398530333568,-0.145375791134695,-0.0596496034005888,-0.106247634767989,0.0537729289269838
"fBodyAccJerk.bandsEnergy...57.64",0.390215448804968,-0.0202095561227458,0.115122543811646,-0.0741848987724696,-0.0355832577517506,-0.0429447133364191,0.0250271058890033
"fBodyAccJerk.bandsEnergy...1.16",0.912912355407967,0.0144342730813207,0.143084940063917,-0.069894855629216,-0.117846480787214,-0.108293250552201,0.0369212259447294
"fBodyAccJerk.bandsEnergy...17.32",0.833884090736381,-0.0883143686295389,0.264621960878565,0.0712650468209206,-0.0587906076969235,-0.0979919971126025,0.0737605181750945
"fBodyAccJerk.bandsEnergy...33.48",0.880323822674728,-0.0496598480845128,0.143276342340997,-0.137752751904968,-0.068867190282714,-0.105176172101032,0.0526604717059478
"fBodyAccJerk.bandsEnergy...49.64",0.776168031464407,-0.0532154991562737,0.194927140966407,-0.145882225365019,-0.0603377750116796,-0.105214668171554,0.0534497747441929
"fBodyAccJerk.bandsEnergy...1.24",0.923961209865474,-0.0213872649067388,0.203795949792627,-0.00415573522690107,-0.107714347732574,-0.106287407459511,0.0540734285970668
"fBodyAccJerk.bandsEnergy...25.48",0.881537478366349,-0.0648090587436499,0.165897348367812,-0.101421179612405,-0.0504639419632388,-0.118009513923164,0.0538709315585625
"fBodyAccJerk.bandsEnergy...1.8.1",0.867566459337911,0.109345619641165,0.0357267075024491,0.0162446145222989,-0.0470026647223091,0.0906803643078165,0.0847717399193975
"fBodyAccJerk.bandsEnergy...9.16.1",0.825654074886456,-0.0553456328605888,0.0911972021297943,0.126877968240106,-0.0595249762691881,-0.0496875471458405,0.0766368068675652
"fBodyAccJerk.bandsEnergy...17.24.1",0.787402961802926,-0.134295122401055,0.148001343136885,0.286568950757896,-0.0225531648409863,-0.0714760827254402,0.0916134029400883
"fBodyAccJerk.bandsEnergy...25.32.1",0.772114545322034,-0.0984510439410553,0.105031383632337,0.0852544977861683,0.0374536072207021,-0.0192133378988166,0.074620371307629
"fBodyAccJerk.bandsEnergy...33.40.1",0.775666563013746,-0.0840246943419551,0.100927717760192,0.00354362603559309,0.00603046669061357,0.0309079516087943,0.0742882305683153
"fBodyAccJerk.bandsEnergy...41.48.1",0.807624809236734,-0.0855505784655988,0.141832454892833,0.0206544712741817,-0.00654732936429452,0.0317181820886797,0.0784387588187873
"fBodyAccJerk.bandsEnergy...49.56.1",0.74891970328333,-0.092873224354045,0.140339378313528,0.0853312353564868,-0.00374993129164248,0.0199344081352327,0.0799850423980196
"fBodyAccJerk.bandsEnergy...57.64.1",0.393406019185076,-0.0571707198700049,0.119270528095838,0.0472935695968282,0.00236860246673231,3.05804517055468e-05,0.044320472406572
"fBodyAccJerk.bandsEnergy...1.16.1",0.87770910392189,-0.0210070105907544,0.0826697933315825,0.108082286301372,-0.0598937837576557,-0.020841849093664,0.0823686499515588
"fBodyAccJerk.bandsEnergy...17.32.1",0.821559393782423,-0.130843487684969,0.142175896715389,0.24172775026004,-0.00564831765820588,-0.060113773416681,0.0912032433885846
"fBodyAccJerk.bandsEnergy...33.48.1",0.827709806049128,-0.0891650477737967,0.123291168468707,0.0104958915880215,0.000800036897163514,0.0327854616655166,0.0798074665028121
"fBodyAccJerk.bandsEnergy...49.64.1",0.748664351942393,-0.0937855050869295,0.144735447158489,0.0854994236472672,-0.00325815030388596,0.0188176685490867,0.0802183956385734
"fBodyAccJerk.bandsEnergy...1.24.1",0.897815804492221,-0.0708593015689352,0.115059708485176,0.19127371040474,-0.0479171282324271,-0.0444681504077754,0.0917417980379814
"fBodyAccJerk.bandsEnergy...25.48.1",0.830180148832097,-0.098667969845856,0.117401744734922,0.05408351886337,0.0223798461209654,0.00372986219410203,0.0802258716736011
"fBodyAccJerk.bandsEnergy...1.8.2",0.581009862695637,0.101924833708094,0.395656197744678,0.0379843755951521,-0.0251968838882223,0.446831507572095,0.0904045878293009
"fBodyAccJerk.bandsEnergy...9.16.2",0.637695812965437,-0.0451832154043565,0.55027714105106,0.137719558054081,-0.0478266022027327,0.14625101148748,0.0522300331730056
"fBodyAccJerk.bandsEnergy...17.24.2",0.624701490274861,-0.131903273993792,0.623564478609317,0.174661967824673,-0.025141427716796,-0.0422585197231384,0.0372581043649376
"fBodyAccJerk.bandsEnergy...25.32.2",0.656540781095286,-0.117977076860415,0.576259624259254,-0.0502300619000277,0.0209595527735968,-0.122909210012339,0.0192416202388508
"fBodyAccJerk.bandsEnergy...33.40.2",0.622540108957176,-0.0843565367048843,0.575340717197741,-0.103804349992232,0.00951818507135473,-0.0772318817813211,0.0158651379277605
"fBodyAccJerk.bandsEnergy...41.48.2",0.673255358440962,-0.0916633691209297,0.57484712568173,-0.0591061893006826,-0.000508171018277663,0.00156782540126976,0.0345958489259695
"fBodyAccJerk.bandsEnergy...49.56.2",0.658945807982229,-0.0975230144935799,0.512219057303381,-0.0114969908055909,-0.00420639838451646,0.0300524665633339,0.0445365136696322
"fBodyAccJerk.bandsEnergy...57.64.2",0.341703753808542,-0.0396564909952848,0.299073172251506,0.0279727255336611,-0.0124433737019078,0.0467356595195219,0.0270413082473097
"fBodyAccJerk.bandsEnergy...1.16.2",0.659191755967846,-0.00405248298112697,0.53878360380984,0.116150261002791,-0.0446070421495701,0.246024099820233,0.0666495451311465
"fBodyAccJerk.bandsEnergy...17.32.2",0.666130918012144,-0.13267871135468,0.63671033765938,0.0968050049126177,-0.00854263357869954,-0.0760814495085817,0.0319704477936459
"fBodyAccJerk.bandsEnergy...33.48.2",0.66622024258284,-0.0901705473356362,0.598771565154329,-0.0912657772106903,0.00586140515391541,-0.0500497586926418,0.0236885559624
"fBodyAccJerk.bandsEnergy...49.64.2",0.657018621956019,-0.0962848616851316,0.514212060339291,-0.00860107140650367,-0.00517707057419451,0.0327371111547187,0.0447147573568908
"fBodyAccJerk.bandsEnergy...1.24.2",0.681969060050142,-0.0741551226254175,0.621588396741335,0.155894022100411,-0.0372067058013308,0.104630419768394,0.0546207754184819
"fBodyAccJerk.bandsEnergy...25.48.2",0.680266921360635,-0.109414154724764,0.604389639907719,-0.0698982746974818,0.0151672982524404,-0.0961109681762293,0.021644012622284
"fBodyGyro.mean...X",0.908662357393525,0.212680474331074,0.0673229074960699,0.163422569242562,0.0466513133888483,0.0544515570025292,0.082375372469382
"fBodyGyro.mean...Y",0.818892892116913,0.136676494583856,0.401646474517033,0.182785246897554,0.0236132815901281,0.270911887726402,0.08669439888762
"fBodyGyro.mean...Z",0.886821252740022,0.188396636972167,0.13053329431346,0.166232177112838,0.100308415578521,0.233769442046209,0.0941011271614957
"fBodyGyro.std...X",0.841386448693614,0.300784205884675,0.014919464380296,0.103936000934722,0.0798286518281715,0.134247421383369,0.0733805038567345
"fBodyGyro.std...Y",0.727583015489958,0.271992704331849,0.287873238225977,0.148061488066695,0.0583521641217016,0.437260095950513,0.0862673309468357
"fBodyGyro.std...Z",0.742772046268514,0.283187512548531,0.0951699144074228,0.158902023038128,0.219525961383004,0.419169940829225,0.089389609696535
"fBodyGyro.mad...X",0.88816074008651,0.253423796352736,0.032323303072856,0.14938480613265,0.0483430086078309,0.0975084028825262,0.0827631285571254
"fBodyGyro.mad...Y",0.788758167333297,0.185268660885131,0.368168600647141,0.183861758846259,0.0316144668677024,0.343721614392791,0.0915874033388199
"fBodyGyro.mad...Z",0.843878796082532,0.231784520978529,0.108746650634058,0.173034150246076,0.118643956401196,0.319033635516716,0.0995837929696058
"fBodyGyro.max...X",0.786742180709748,0.312449069413149,0.0070021470939988,0.07950742855927,0.0790261348591166,0.157777525792962,0.0663154324329026
"fBodyGyro.max...Y",0.622141836028169,0.329102684909512,0.197486079061849,0.098248441983583,0.0610672573078397,0.511039167656783,0.0755066758872544
"fBodyGyro.max...Z",0.629177795493201,0.299247064128113,0.0931103001628936,0.138850949065533,0.273960067283161,0.476907142165021,0.0783303121864632
"fBodyGyro.min...X",0.497436962090652,0.204144889232497,0.0487810875352041,0.0758506645884928,0.10934418821723,-0.010969152257261,0.04501051183995
"fBodyGyro.min...Y",0.559181847612128,0.113253493529575,0.276871637881474,0.0988142452348583,0.0371994505537291,0.145937139467563,0.0527820397716561
"fBodyGyro.min...Z",0.504219253680829,0.173568188550315,0.0810605112928938,0.0648033212093456,0.200985913486115,0.116174233779575,0.0106000255355088
"fBodyGyro.sma..",0.901857399763505,0.182537970923442,0.229800805380101,0.17911507065474,0.0521890370807669,0.195389903711422,0.0905812335988355
"fBodyGyro.energy...X",0.781599877705955,0.172224669548876,0.0546657633178625,-0.0767446595515189,0.0804780794438819,0.0200552364515841,0.0476083434900553
"fBodyGyro.energy...Y",0.604070079395805,0.124625068627127,0.534419074511022,0.0134997333703229,0.0212970584711568,0.447540683547883,0.075380705516778
"fBodyGyro.energy...Z",0.630233434943781,0.164656596143556,0.158349183172337,-0.00329567500884207,0.243948388221323,0.485397500894861,0.0840579191735628
"fBodyGyro.iqr...X",0.889596866971784,0.0921951308935031,0.0920660979519253,0.2385993118029,-0.0205749495295507,-0.0167685849134532,0.0877549134171547
"fBodyGyro.iqr...Y",0.803531622259658,0.046447631122752,0.441901832924774,0.196672807356247,-0.0120854632040392,0.171772980722499,0.0804210812155501
"fBodyGyro.iqr...Z",0.908139058988578,0.0873995464149099,0.128836936271325,0.177019468201841,-0.0262688258159485,0.0457938587417745,0.0899195762235651
"fBodyGyro.entropy...X",0.812176173278969,0.37084424712611,0.0635220900668917,0.353622008009157,0.0323163058151298,0.0923777240530514,0.104387311944916
"fBodyGyro.entropy...Y",0.805946447775827,0.354967284682735,0.124309714580604,0.362863782235081,0.0332786645619135,0.148351139247083,0.0698345582993516
"fBodyGyro.entropy...Z",0.830398796908181,0.353656670320092,0.0700151944640898,0.326146264211855,0.037451536292678,0.112052093940615,0.111517508480056
"fBodyGyro.maxInds.X",-0.017240698692421,-0.268280196020405,0.0345284235382733,0.184175640954395,-0.0192197370256928,-0.0572235383081262,0.031779983432406
"fBodyGyro.maxInds.Y",0.3248323373161,-0.220081627242724,0.286777831347103,0.333682272731432,-0.0516546727208827,-0.0992375505933547,0.0679660092677996
"fBodyGyro.maxInds.Z",0.407537671939068,-0.238003404054587,0.00133036807759263,0.239432292060416,-0.124423799907688,-0.143176686709392,0.0190288367389558
"fBodyGyro.meanFreq...X",-0.0658023197465678,-0.581241395778775,0.0260365615534036,0.0880326219875005,0.000569403688490265,-0.0808707968078186,-0.0861453185032227
"fBodyGyro.meanFreq...Y",0.176212257311198,-0.571016561692866,0.151555975736374,0.195126903305999,-0.0163039922565,-0.176002876442492,0.0056030150575038
"fBodyGyro.meanFreq...Z",-0.0291730618054949,-0.61375400730505,-0.013518432024295,-0.0768107074077295,-0.117051128046426,-0.244953676283772,-0.167909038770274
"fBodyGyro.skewness...X",0.0386840674878253,0.3771674721424,0.00236121413659779,-0.182453982902064,0.0260717009046351,0.102178761207339,-0.166473472525699
"fBodyGyro.kurtosis...X",0.0264233880372702,0.307894288280523,-0.00108566756229339,-0.167444772354059,0.0195532224191995,0.109079142048495,-0.190046015039042
"fBodyGyro.skewness...Y",-0.195697031027415,0.329528459385658,-0.12339766640028,-0.266626770668875,0.0428894005237154,0.227084729193377,-0.198357256363503
"fBodyGyro.kurtosis...Y",-0.171234719095902,0.281103689911034,-0.105319940207877,-0.261153238497964,0.0375731343778604,0.229671068603761,-0.221106158201197
"fBodyGyro.skewness...Z",-0.143183751688308,0.345186129304163,0.0616945559103921,-0.0882176981653957,0.251817496922902,0.218349633767359,-0.0786410536174646
"fBodyGyro.kurtosis...Z",-0.139051454222928,0.290665482342057,0.053933858428693,-0.100053816065928,0.261854242051762,0.211455877779278,-0.106615994853405
"fBodyGyro.bandsEnergy...1.8",0.705248957979737,0.213716861601952,0.0192934044461041,-0.130262988973902,0.108071964817115,0.0651979669694535,0.0373418480637836
"fBodyGyro.bandsEnergy...9.16",0.728528975787172,-0.0141558285097148,0.122561426124102,0.138723510759706,-0.0681959604069086,-0.0996415668831787,0.0670234510493457
"fBodyGyro.bandsEnergy...17.24",0.743417849751352,-0.0909239869033213,0.163428959591263,0.201130617773337,-0.0175059421260756,-0.204270874545008,0.0656699756118208
"fBodyGyro.bandsEnergy...25.32",0.659897760312542,-0.0742291202546693,0.362207900385497,0.0513226449685789,0.0600690944726831,-0.258809106823694,0.0301105350462133
"fBodyGyro.bandsEnergy...33.40",0.665879237243815,-0.0476431878751753,0.292444090033825,-0.0243868434666709,0.0589166538895194,-0.222285952194401,0.0283095748470453
"fBodyGyro.bandsEnergy...41.48",0.698893225551291,-0.0198920704323816,0.254252591410981,-0.0449192943708924,0.0522287005009915,-0.18053310035397,0.0384376328260246
"fBodyGyro.bandsEnergy...49.56",0.576446884678808,0.0278398184404292,0.182383012233537,-0.047311406040879,0.0763597206442283,-0.136830299605299,0.0376637503445797
"fBodyGyro.bandsEnergy...57.64",0.411538446879962,0.0899625289077029,0.0622062151574859,-0.0492133932818669,0.0959901304078517,-0.0665982081642979,0.0325838664055409
"fBodyGyro.bandsEnergy...1.16",0.760226903688706,0.188151153320011,0.0387678231014191,-0.0924194980203163,0.0839624353578889,0.040025624052205,0.0453754004815929
"fBodyGyro.bandsEnergy...17.32",0.758879158770035,-0.091296743174613,0.220456778157164,0.17434037236375,0.00116066133257992,-0.22899228802619,0.0601096827117579
"fBodyGyro.bandsEnergy...33.48",0.701466777461958,-0.0393333234406987,0.289494795128731,-0.0329883459163986,0.0589006004373772,-0.216353574415518,0.0329599821245099
"fBodyGyro.bandsEnergy...49.64",0.518998071073543,0.054810874987768,0.135131087060963,-0.0491159459565662,0.0863456214443143,-0.109687278061174,0.0363565073353288
"fBodyGyro.bandsEnergy...1.24",0.775904351098772,0.176635467696004,0.046461894182898,-0.0783371907012506,0.0800530853281957,0.027168877913921,0.0475052164694821
"fBodyGyro.bandsEnergy...25.48",0.693501622866668,-0.0641257147107359,0.347638707048184,0.0232353309119921,0.0616884965632368,-0.252461690546849,0.0319932340889101
"fBodyGyro.bandsEnergy...1.8.1",0.479123950915191,0.263729303600046,0.165956343645566,-0.0581743379629135,0.0525645007925128,0.60824920313853,0.0837000202155429
"fBodyGyro.bandsEnergy...9.16.1",0.51984265897557,-0.0453996967735685,0.657483529285576,-0.0172207277124072,-0.017572086943056,0.151791765589631,0.0408258476966396
"fBodyGyro.bandsEnergy...17.24.1",0.379988873672369,-0.108251447550389,0.69507885357553,0.237246046696872,-0.026591613531434,0.0334416726179228,0.0310586140527442
"fBodyGyro.bandsEnergy...25.32.1",0.52204637516324,-0.101332988277032,0.693685986254828,-0.00709779898724074,0.0055196118122525,-0.115697086444616,0.0108448368729182
"fBodyGyro.bandsEnergy...33.40.1",0.532517404317663,-0.0703333613762412,0.577324873691601,-0.0877632638043124,0.0105648705044028,-0.103065579420996,0.00905801799024883
"fBodyGyro.bandsEnergy...41.48.1",0.598408630724099,-0.0806035321352615,0.606664895686009,-0.0665644930917055,0.00844463582887789,-0.0389739926203227,0.0271247938872285
"fBodyGyro.bandsEnergy...49.56.1",0.534981585521852,-0.0584192693971642,0.598795953588533,-0.00636190648925486,0.00568062228225787,0.0334353719404648,0.034800733162644
"fBodyGyro.bandsEnergy...57.64.1",0.350129451464925,0.0292194330464188,0.339947517344809,-0.0117711176781038,0.0338489460355036,0.134412099336691,0.039003470895625
"fBodyGyro.bandsEnergy...1.16.1",0.56813848324109,0.196461625946621,0.365491781001456,-0.0548332031803224,0.0347600123000582,0.547158131666224,0.0817142828763044
"fBodyGyro.bandsEnergy...17.32.1",0.429799900475731,-0.112800655633262,0.736376301430107,0.201470697435845,-0.0213755151548465,0.00422079901331473,0.0284149911089846
"fBodyGyro.bandsEnergy...33.48.1",0.565775538679407,-0.0749720495818759,0.601902052627555,-0.0841824625236189,0.0101907087433904,-0.0872641725127391,0.0145865436167884
"fBodyGyro.bandsEnergy...49.64.1",0.510275671736558,-0.0347362510308832,0.554884357053054,-0.00873874522763398,0.0147074833177311,0.0678686623370263,0.0383549422211522
"fBodyGyro.bandsEnergy...1.24.1",0.589240282521443,0.139560234683289,0.502912280026397,0.0167316438001083,0.0220260182503451,0.480402238540674,0.0783466973920733
"fBodyGyro.bandsEnergy...25.48.1",0.546182263082026,-0.0972617474914375,0.690363415466841,-0.0265626033631452,0.00680136652169926,-0.112298108309105,0.0119674263840464
"fBodyGyro.bandsEnergy...1.8.2",0.476056269408346,0.20755265606629,0.109768078623146,0.00402824375346681,0.289372177826597,0.580755885585162,0.0797425964190271
"fBodyGyro.bandsEnergy...9.16.2",0.687251040695057,-0.0147186556069892,0.191933249665628,-0.0656324399458168,-0.0281401776544592,0.0525037258844412,0.0552855008479265
"fBodyGyro.bandsEnergy...17.24.2",0.691711361951162,-0.0876190709622965,0.163371553247104,0.120828987710009,-0.00943610695177704,-0.210566739815853,0.0405805830393045
"fBodyGyro.bandsEnergy...25.32.2",0.684534673181145,-0.0926233023731687,0.34892461870551,-0.0635267407985017,0.0425353305527684,-0.266685287947743,0.0181673520864699
"fBodyGyro.bandsEnergy...33.40.2",0.665614869194292,-0.071245918310003,0.347030692378369,-0.102871630926332,0.0619865659693617,-0.155888119753278,0.0249861394366424
"fBodyGyro.bandsEnergy...41.48.2",0.697164647260718,-0.0497580420321622,0.307365363414926,-0.0920867919372823,0.0782271442817725,-0.0825624431020945,0.0356377078833802
"fBodyGyro.bandsEnergy...49.56.2",0.5955507973055,-0.00433185184685026,0.161144309360241,-0.0265626308421323,0.137512790003861,0.0520265067136969,0.0466953790608188
"fBodyGyro.bandsEnergy...57.64.2",0.367279189797164,0.0495568154295081,0.0771170746474289,-0.016983163651792,0.177349734046777,0.168408584151027,0.0423906180156597
"fBodyGyro.bandsEnergy...1.16.2",0.575676095866276,0.183651244111572,0.139681145908381,-0.0115504795480476,0.254792404113333,0.536179199780665,0.0837997965676918
"fBodyGyro.bandsEnergy...17.32.2",0.723669829449421,-0.0930972056036567,0.212580962616371,0.0857918114706674,0.00196196842980589,-0.234358030313246,0.0375016752009627
"fBodyGyro.bandsEnergy...33.48.2",0.693160119008286,-0.0661059595139279,0.343480856593766,-0.102546286037742,0.0689970319664968,-0.136752889476905,0.0290964151850066
"fBodyGyro.bandsEnergy...49.64.2",0.514623883099209,0.0185285815164305,0.12968433793959,-0.0230491557428235,0.158433102941232,0.103740848962711,0.0462128454622633
"fBodyGyro.bandsEnergy...1.24.2",0.616464921886046,0.170018219902616,0.149154212479732,-0.00076643309166014,0.245742487488868,0.500303456356697,0.0845637694383567
"fBodyGyro.bandsEnergy...25.48.2",0.706852710582861,-0.0873667393782488,0.357691936958269,-0.0773878555024932,0.0517898454173209,-0.236779225390691,0.0219303033075884
"fBodyAccMag.mean..",0.921945631093713,0.2173853923998,0.115065644826078,0.12788953019476,0.129769436372082,0.0948799896816915,0.0368008135045538
"fBodyAccMag.std..",0.765825576963525,0.36122303675115,0.032357086384986,0.098367251447932,0.389300869956898,0.137716999940316,-0.0235225891894517
"fBodyAccMag.mad..",0.872844492798565,0.297737936914774,0.0661609321897678,0.117794766867763,0.195044881110316,0.132643030041748,0.0182755007136047
"fBodyAccMag.max..",0.641974394828922,0.378781813268971,0.00974347364640954,0.0703298904339757,0.513270823767331,0.126141616582003,-0.0563813956920803
"fBodyAccMag.min..",0.502774625361248,0.215208076093312,0.104266612129406,0.0747933140854335,0.31346713166712,-0.0251639150310405,-0.0617136366799433
"fBodyAccMag.sma..",0.921945631093713,0.2173853923998,0.115065644826078,0.12788953019476,0.129769436372082,0.0948799896816915,0.0368008135045538
"fBodyAccMag.energy..",0.711871030284965,0.222092669621949,0.0839689330461403,-0.0482337905434228,0.438688535057552,0.0852628592234094,-0.0541252779153469
"fBodyAccMag.iqr..",0.913359380237882,0.162723551930431,0.120094517477405,0.127668316323115,-0.00442089800197805,0.0985419496988782,0.0614710860181256
"fBodyAccMag.entropy..",0.850926836159509,0.360820603662594,0.0663841721253284,0.2942436768568,0.0446940208478392,0.128753451706755,0.0732104043266376
"fBodyAccMag.maxInds",0.498865535834304,-0.224674499667332,-0.148379043715513,0.0726653293204529,-0.164696731210588,0.0665903115731639,0.0539534304481887
"fBodyAccMag.meanFreq..",0.0492909718598001,-0.817782851099476,-0.0196323916548137,0.0389297846393382,-0.201162695883408,0.0562588693592017,0.116290905213056
"fBodyAccMag.skewness..",-0.162322700669859,0.507697824962959,0.0301971788472899,-0.089143087973144,0.385656700155557,-0.137992640304324,-0.243148376696629
"fBodyAccMag.kurtosis..",-0.181005085704035,0.428892670795605,0.0270593942510184,-0.102695776772014,0.426874953301834,-0.126703455457967,-0.245711918038031
"fBodyBodyAccJerkMag.mean..",0.946779806818699,0.0697495109112096,0.163065388883037,0.184005602156308,-0.0462612235672396,0.0613281339335914,0.0919990980813805
"fBodyBodyAccJerkMag.std..",0.92025778829601,0.0672558597440249,0.168103716247806,0.247481231062747,-0.0460937370383233,0.031828058672513,0.0881256112123608
"fBodyBodyAccJerkMag.mad..",0.935759425631199,0.0751637104392716,0.15451404070928,0.209686618139938,-0.0460724943636611,0.051696115462379,0.0910803893864542
"fBodyBodyAccJerkMag.max..",0.886869058689243,0.0603550946789801,0.173505421831504,0.264207407921796,-0.0536560432726502,0.00549242657050633,0.0795100414911522
"fBodyBodyAccJerkMag.min..",0.737682838326147,0.0458795923775574,0.151358468714524,0.133048276513136,-0.0316943812799795,0.0649996007643596,0.0768104827395245
"fBodyBodyAccJerkMag.sma..",0.946779806818699,0.0697495109112097,0.163065388883038,0.184005602156308,-0.0462612235672397,0.0613281339335915,0.0919990980813806
"fBodyBodyAccJerkMag.energy..",0.906269351910971,-0.0608071971075232,0.304702846541517,0.0593025171009139,-0.0575064539695337,-0.0870445988843721,0.0618957996205965
"fBodyBodyAccJerkMag.iqr..",0.933067660459404,0.0842704546316405,0.143132334981556,0.168373669886382,-0.0527953645989844,0.0676504929341432,0.0876896425544015
"fBodyBodyAccJerkMag.entropy..",0.893604178166948,0.215891990493376,0.0651448447632938,0.301316530539053,0.000239879262908167,0.14948487644457,0.100078465757253
"fBodyBodyAccJerkMag.maxInds",0.00426968579538201,-0.189591390405268,-0.0401298880885069,-0.146457721628808,-0.0680677394240718,0.063056320566127,-0.0130236789672651
"fBodyBodyAccJerkMag.meanFreq..",-0.288179991905625,-0.459806920820554,-0.0338509942943943,-0.375468977582808,-0.044389781791513,0.0720851984546731,-0.0334369338200425
"fBodyBodyAccJerkMag.skewness..",0.36880412876542,0.284360679451373,0.0810513138900616,0.459325999587703,-0.0192507814618754,-0.0936163633525391,0.0265744076787001
"fBodyBodyAccJerkMag.kurtosis..",0.336077880964391,0.236794162601156,0.0714965093389794,0.414694075137851,-0.0342356425431011,-0.0879956742117534,0.0186684700495421
"fBodyBodyGyroMag.mean..",0.848934259608652,0.204994632437552,0.317932349058748,0.181044728701907,0.0397883353508518,0.205171908417538,0.076404464816063
"fBodyBodyGyroMag.std..",0.748128010949165,0.388985210167456,0.160142950208614,0.110053056371542,0.122074993896916,0.31605322296936,0.0596193036110427
"fBodyBodyGyroMag.mad..",0.800793334277694,0.330461946090621,0.183765873852505,0.131014391588888,0.0721713735396769,0.305168236838873,0.07727706197457
"fBodyBodyGyroMag.max..",0.686170084575168,0.408264949493138,0.168017668686266,0.109876822105278,0.147543378536701,0.314964857300347,0.0418458931743867
"fBodyBodyGyroMag.min..",0.52819444326898,0.129112167029525,0.374141097506757,0.120183406661087,0.077561293121228,0.0114675177988939,0.00859302859552651
"fBodyBodyGyroMag.sma..",0.848934259608652,0.204994632437552,0.317932349058748,0.181044728701907,0.0397883353508518,0.205171908417538,0.076404464816063
"fBodyBodyGyroMag.energy..",0.685426562104024,0.2069374470201,0.362469371344524,-0.0150665164751256,0.0950059697584776,0.300613308655844,0.0523870042147168
"fBodyBodyGyroMag.iqr..",0.834463537068947,0.155894794107135,0.261107774904251,0.2035395467267,-0.0236900274540742,0.224444187696563,0.0909495903844118
"fBodyBodyGyroMag.entropy..",0.804981939642033,0.386543030947331,0.128578984018146,0.347811363643394,0.015752835900243,0.128013935027869,0.0808893108329431
"fBodyBodyGyroMag.maxInds",0.322712021254489,-0.176547471954113,-0.0366894337994392,0.230280018561521,-0.0804765243048981,0.0836687304172528,0.0805822469709678
"fBodyBodyGyroMag.meanFreq..",0.272393588360137,-0.681784361507023,0.167232703259792,0.28295236674207,-0.0559283880904266,-0.0264232108886537,0.000222811264777196
"fBodyBodyGyroMag.skewness..",-0.261435791622294,0.390892667253993,0.0339420883081725,-0.193291086752351,0.12502946682393,-0.03755076790946,-0.19223732944385
"fBodyBodyGyroMag.kurtosis..",-0.25000389638727,0.319351972009498,0.0512669674073761,-0.173636369818376,0.118464183530306,-0.0426909393671969,-0.209816302810979
"fBodyBodyGyroJerkMag.mean..",0.825021407127779,0.0230197511047296,0.45352248255822,0.252869494714955,-0.0054514888697873,0.0830792782394645,0.0786925823367749
"fBodyBodyGyroJerkMag.std..",0.775098411132853,0.013143231141432,0.470197025959019,0.332115428087124,0.00794324371536127,0.0398624952509797,0.076394411418373
"fBodyBodyGyroJerkMag.mad..",0.791797855879255,0.0274381245451167,0.468865035104062,0.290675448350991,-0.00108335277764311,0.0740167818729626,0.0771524457320879
"fBodyBodyGyroJerkMag.max..",0.751487703798055,-0.0028599135624975,0.452689260193553,0.372095103275554,0.0156383520764696,0.0023744342299793,0.0765032442606514
"fBodyBodyGyroJerkMag.min..",0.685038104201303,0.00194452516824576,0.356769383096471,0.181079932962666,-0.00288070327857808,0.0631610030019936,0.0639356261782888
"fBodyBodyGyroJerkMag.sma..",0.825021407127779,0.0230197511047296,0.45352248255822,0.252869494714955,-0.00545148886978731,0.0830792782394646,0.0786925823367747
"fBodyBodyGyroJerkMag.energy..",0.575843737369914,-0.103691661225309,0.718354222877667,0.165581941199956,-0.00386961275545946,-0.0421707986845904,0.0338878784138047
"fBodyBodyGyroJerkMag.iqr..",0.808785280950465,0.0433818087231748,0.440554307158085,0.240337534664366,-0.0101578819378259,0.115219287492244,0.0799586623249229
"fBodyBodyGyroJerkMag.entropy..",0.835066387608346,0.279500260045976,0.144194866285808,0.373119755609586,0.0252946789899981,0.154010946561739,0.0910686662786102
"fBodyBodyGyroJerkMag.maxInds",0.138288547439153,-0.128395348362463,-0.0657784250697521,-0.12633091028099,-0.100189167926852,0.122486025078389,-0.00538768771878418
"fBodyBodyGyroJerkMag.meanFreq..",0.032123154846492,-0.516148231441139,-0.0359301365183259,-0.247078094900633,-0.011590966874454,0.156995799219221,-0.0431095996037808
"fBodyBodyGyroJerkMag.skewness..",0.110465024753618,0.157866352255294,0.0732946817250496,0.45381743052016,0.052646451325925,-0.242919671998438,-0.00120857387884579
"fBodyBodyGyroJerkMag.kurtosis..",0.0901228255530677,0.114112590762917,0.0450431069537936,0.415151781806382,0.0498048613228464,-0.222223871476897,0.00446510274012386
"angle.tBodyAccMean.gravity.",-0.0360401557323426,0.0377654053817298,-0.0125341477042753,-0.00428312383445937,0.0850147172363412,0.0801932974315491,-0.00182292865704991
"angle.tBodyAccJerkMean..gravityMean.",-0.0177817704717715,0.0414960531042147,-0.0197827844898247,-0.0128782602334589,0.139023326662603,0.0160126217588915,-0.0225365507266427
"angle.tBodyGyroMean.gravityMean.",0.0287232437336072,-0.0278060426272478,0.0326191084262249,0.00209192573541514,0.0229908812795468,-0.109363201534354,0.0144453039623334
"angle.tBodyGyroJerkMean.gravityMean.",-0.0325579194643042,0.0228586403738583,-0.0209224284929123,-0.0107215638241369,0.00966425641867559,0.0569935322623196,-0.00576507401103959
"angle.X.gravityMean.",-0.288350569780737,-0.163444823248073,-0.01934003969592,-0.0454293936369701,0.0517620596177106,0.0949074919399444,-0.857368041439416
"angle.Y.gravityMean.",0.379515570939102,0.242622481271044,0.0336563333633534,0.024058125251303,-0.180101276135247,0.020729283955621,0.71419756874712
"angle.Z.gravityMean.",0.307141933205654,0.122134880406227,0.113630643465557,0.0852152231240087,-0.0769872139878545,0.165463480308979,0.70158753009759
